key;changelog
FIX-0000;None
FIX-0001;[('In Progress', '2025-09-23T07:45:29.678+0300'), ('Ready for Testing', '2025-09-23T07:45:36.574+0300'), ('In Testing', '2025-09-24T13:36:27.010+0300'), ('Closed', '2025-09-24T13:36:30.928+0300')]
FIX-0002;None
FIX-0003;[('In Progress', '2025-10-14T14:33:24.931+0300'), ('Ready for Testing', '2025-10-14T14:33:42.004+0300'), ('In Testing', '2025-12-05T08:52:23.943+0200'), ('Closed', '2025-12-05T08:52:27.891+0200')]
FIX-0004;[('In Progress', '2026-03-25T10:53:51.705+0200'), ('Ready for Testing', '2026-03-25T10:53:54.840+0200'), ('In Testing', '2026-04-09T09:20:27.438+0300'), ('Closed', '2026-04-09T09:20:32.129+0300')]
FIX-0005;[('In Progress', '2025-11-05T11:29:54.224+0200'), ('Ready for Testing', '2025-11-05T11:29:57.319+0200'), ('In Testing', '2025-11-05T13:45:17.258+0200'), ('Closed', '2025-11-06T08:26:21.995+0200')]
FIX-0006;[('In Progress', '2025-09-03T09:02:15.212+0300'), ('Ready for Testing', '2025-09-03T09:04:17.798+0300'), ('In Testing', '2025-09-03T09:17:21.544+0300'), ('Closed', '2025-09-03T09:17:39.711+0300')]
FIX-0007;[('In Progress', '2025-12-11T18:30:46.613+0200'), ('Ready for Testing', '2025-12-12T09:26:14.165+0200'), ('In Testing', '2026-01-07T12:23:06.269+0200'), ('Closed', '2026-01-07T12:23:10.142+0200')]
FIX-0008;None
FIX-0009;[('In Progress', '2025-01-15T15:29:14.413+0200'), ('Ready for Testing', '2025-01-21T08:40:15.967+0200'), ('In Testing', '2025-02-11T19:25:37.330+0200'), ('In Progress', '2025-02-11T19:25:43.520+0200'), ('Ready for Testing', '2025-02-11T19:48:21.644+0200'), ('In Testing', '2025-02-11T19:48:33.029+0200'), ('Closed', '2025-02-11T19:48:39.588+0200')]
FIX-0010;[('In Progress', '2025-11-05T12:37:25.107+0200'), ('Ready for Testing', '2025-11-11T10:34:35.151+0200'), ('In Testing', '2025-11-17T14:48:10.100+0200'), ('Closed', '2025-11-17T14:59:27.786+0200')]
FIX-0011;None
FIX-0012;[('In Progress', '2024-12-05T10:46:08.851+0200'), ('Ready for Testing', '2024-12-05T10:46:32.108+0200'), ('In Testing', '2024-12-16T17:59:01.158+0200'), ('Closed', '2024-12-16T17:59:04.800+0200')]
FIX-0013;[('In Progress', '2025-09-19T08:18:42.718+0300'), ('Ready for Testing', '2025-09-19T08:20:46.099+0300'), ('In Testing', '2025-10-07T09:56:58.858+0300'), ('In Progress', '2025-10-07T09:57:01.867+0300'), ('Ready for Testing', '2025-10-30T15:32:28.394+0200'), ('In Testing', '2025-10-30T16:33:59.224+0200'), ('Closed', '2025-10-30T16:34:10.261+0200')]
FIX-0014;[('In Progress', '2025-09-12T09:15:10.785+0300'), ('Ready for Testing', '2025-09-17T09:22:36.463+0300'), ('In Testing', '2025-09-18T08:13:55.857+0300'), ('Closed', '2025-09-18T08:13:58.789+0300')]
FIX-0015;None
FIX-0016;None
FIX-0017;None
FIX-0018;[('In Progress', '2025-12-12T08:17:08.123+0200'), ('Ready for Testing', '2025-12-19T07:58:09.980+0200'), ('In Testing', '2026-01-09T11:02:50.069+0200'), ('In Progress', '2026-02-19T11:08:49.544+0200'), ('Ready for Testing', '2026-02-23T10:07:33.020+0200'), ('In Testing', '2026-02-26T13:36:58.334+0200'), ('Closed', '2026-02-26T13:38:42.754+0200')]
FIX-0019;[('In Progress', '2025-07-02T16:45:26.767+0300'), ('Ready for Testing', '2025-07-02T16:49:41.130+0300'), ('In Testing', '2025-07-03T11:16:52.307+0300'), ('In Progress', '2025-07-03T11:16:56.065+0300'), ('Ready for Testing', '2025-07-04T11:32:58.915+0300'), ('In Testing', '2025-07-07T10:49:38.780+0300'), ('In Progress', '2025-07-07T10:50:14.188+0300'), ('Closed', '2025-10-06T11:32:56.915+0300')]
FIX-0020;[('In Progress', '2026-03-30T13:01:07.457+0300'), ('Ready for Testing', '2026-03-31T12:52:06.333+0300'), ('In Testing', '2026-04-08T10:59:57.532+0300'), ('Closed', '2026-04-08T11:00:00.860+0300')]
FIX-0021;[('In Progress', '2026-01-20T13:40:54.962+0200'), ('Ready for Testing', '2026-01-20T13:41:00.381+0200'), ('In Testing', '2026-01-23T16:27:10.005+0200'), ('Closed', '2026-01-26T07:45:09.155+0200')]
FIX-0022;[]
FIX-0023;None
FIX-0024;None
FIX-0025;None
FIX-0026;[('In Progress', '2025-07-28T17:48:17.116+0300'), ('Ready for Testing', '2025-07-28T17:50:54.146+0300'), ('In Testing', '2025-07-28T17:50:57.174+0300'), ('Closed', '2025-07-28T17:51:03.264+0300')]
FIX-0027;[('In Progress', '2024-12-18T10:11:25.278+0200'), ('Ready for Testing', '2024-12-18T11:05:08.879+0200'), ('In Testing', '2025-10-09T13:46:09.214+0300'), ('Closed', '2025-10-09T13:46:13.372+0300')]
FIX-0028;[('In Progress', '2026-03-26T15:28:18.296+0200'), ('Ready for Testing', '2026-03-26T15:28:24.695+0200'), ('In Testing', '2026-03-30T09:49:06.978+0300'), ('Closed', '2026-03-30T09:49:09.650+0300')]
FIX-0029;[('In Progress', '2025-10-22T08:29:04.050+0300'), ('Ready for Testing', '2025-10-22T08:29:08.788+0300'), ('In Testing', '2025-10-27T17:17:47.097+0200'), ('Closed', '2025-10-27T17:17:49.832+0200')]
FIX-0030;[('In Progress', '2025-06-26T12:09:02.531+0300'), ('Ready for Testing', '2025-06-26T12:09:05.988+0300'), ('In Testing', '2025-06-26T12:15:29.643+0300'), ('Closed', '2025-06-26T12:15:35.445+0300')]
FIX-0031;[('In Progress', '2025-06-03T09:42:18.977+0300'), ('Ready for Testing', '2025-06-09T07:47:08.959+0300'), ('In Testing', '2025-06-09T12:37:32.601+0300'), ('Closed', '2025-06-09T12:37:36.318+0300')]
FIX-0032;[('In Progress', '2025-10-14T16:12:50.360+0300'), ('Ready for Testing', '2025-10-14T16:12:58.331+0300'), ('In Testing', '2025-10-16T09:24:25.043+0300'), ('Closed', '2025-10-16T09:24:29.163+0300')]
FIX-0033;[('In Progress', '2025-10-16T15:24:14.356+0300'), ('Ready for Testing', '2025-10-16T15:24:17.311+0300'), ('In Testing', '2025-10-18T09:03:38.871+0300'), ('Closed', '2025-10-18T09:03:41.179+0300')]
FIX-0034;[('In Progress', '2026-01-13T15:37:00.280+0200'), ('Ready for Testing', '2026-01-14T11:51:38.469+0200'), ('In Testing', '2026-01-14T16:29:48.943+0200'), ('Closed', '2026-01-14T16:30:02.657+0200')]
FIX-0035;[('In Progress', '2025-10-02T12:29:31.262+0300'), ('Ready for Testing', '2025-10-02T12:30:26.734+0300'), ('In Testing', '2025-10-07T14:17:03.426+0300'), ('In Progress', '2025-10-07T14:17:08.454+0300'), ('Ready for Testing', '2025-10-10T08:55:15.258+0300'), ('In Testing', '2025-10-16T12:54:57.029+0300'), ('Closed', '2025-10-16T12:55:01.133+0300')]
FIX-0036;None
FIX-0037;[('In Progress', '2025-11-19T13:54:47.113+0200'), ('Ready for Testing', '2025-11-19T13:55:50.173+0200'), ('In Testing', '2025-11-19T14:54:17.234+0200'), ('Closed', '2025-11-19T14:54:20.295+0200')]
FIX-0038;None
FIX-0039;[('In Progress', '2025-01-13T10:24:56.563+0200'), ('Ready for Testing', '2025-01-13T10:24:59.326+0200'), ('In Testing', '2025-10-02T09:25:59.180+0300'), ('Closed', '2025-10-02T09:26:03.757+0300')]
FIX-0040;[('In Progress', '2025-06-18T10:49:54.679+0300'), ('Ready for Testing', '2025-06-18T20:22:44.760+0300'), ('In Testing', '2025-06-19T13:42:06.712+0300'), ('Closed', '2025-06-19T13:42:10.594+0300')]
FIX-0041;[('In Progress', '2026-01-21T10:37:57.566+0200'), ('Ready for Testing', '2026-01-21T10:38:06.133+0200'), ('In Testing', '2026-01-26T09:17:25.104+0200'), ('Closed', '2026-01-26T09:18:40.426+0200')]
FIX-0042;[('In Progress', '2025-08-13T13:09:47.719+0300'), ('Ready for Testing', '2025-08-14T14:46:36.802+0300'), ('In Testing', '2025-08-21T08:40:59.434+0300'), ('Closed', '2025-08-21T08:41:02.852+0300')]
FIX-0043;[('In Progress', '2025-07-01T15:28:18.750+0300'), ('Ready for Testing', '2025-07-01T15:28:22.424+0300'), ('In Testing', '2025-07-02T11:09:26.141+0300'), ('Closed', '2025-07-02T11:09:30.840+0300')]
FIX-0044;[('Closed', '2026-01-30T14:12:04.586+0200')]
FIX-0045;[('In Progress', '2025-10-25T16:38:15.409+0300'), ('Ready for Testing', '2025-10-25T16:38:19.262+0300'), ('In Testing', '2025-11-18T08:04:19.787+0200'), ('Closed', '2025-11-18T08:04:26.311+0200')]
FIX-0046;[('In Progress', '2026-03-31T11:35:49.904+0300'), ('Ready for Testing', '2026-04-01T08:53:05.774+0300'), ('In Testing', '2026-04-08T13:06:37.915+0300'), ('Closed', '2026-04-08T13:06:40.923+0300')]
FIX-0047;[('In Progress', '2025-11-03T11:06:26.538+0200'), ('Ready for Testing', '2025-11-03T11:09:07.891+0200'), ('In Testing', '2026-04-14T10:33:57.681+0300'), ('Closed', '2026-04-14T10:34:00.989+0300')]
FIX-0048;[('In Progress', '2025-10-20T15:55:00.335+0300'), ('Ready for Testing', '2025-10-20T15:55:04.629+0300'), ('In Testing', '2025-11-14T13:09:15.583+0200'), ('Closed', '2025-11-14T13:09:18.524+0200')]
FIX-0049;[('In Progress', '2026-03-05T11:11:43.019+0200'), ('Ready for Testing', '2026-03-05T11:11:46.473+0200'), ('In Testing', '2026-03-09T12:31:48.320+0200'), ('Closed', '2026-03-09T12:31:54.348+0200')]
FIX-0050;None
FIX-0051;[('In Progress', '2025-12-03T15:32:35.898+0200'), ('Ready for Testing', '2025-12-03T15:32:39.753+0200'), ('In Testing', '2025-12-08T07:13:49.846+0200'), ('Closed', '2025-12-08T07:13:56.263+0200')]
FIX-0052;[('In Progress', '2025-09-30T15:56:16.874+0300'), ('Ready for Testing', '2025-09-30T15:56:23.118+0300'), ('In Testing', '2025-10-06T12:16:32.883+0300'), ('Closed', '2025-10-06T12:16:35.686+0300')]
FIX-0053;[('In Progress', '2026-02-11T12:21:58.084+0200'), ('Ready for Testing', '2026-02-11T12:22:00.362+0200'), ('In Testing', '2026-02-13T08:40:35.767+0200'), ('In Progress', '2026-02-13T08:40:39.262+0200'), ('Ready for Testing', '2026-02-23T17:13:49.279+0200'), ('In Testing', '2026-03-12T23:54:32.045+0200'), ('Closed', '2026-03-12T23:54:35.383+0200')]
FIX-0054;[('In Progress', '2024-12-05T09:00:11.131+0200'), ('Ready for Testing', '2024-12-05T09:02:36.351+0200'), ('In Testing', '2024-12-09T14:17:37.946+0200'), ('Closed', '2024-12-09T14:24:26.605+0200')]
FIX-0055;[('In Progress', '2026-01-15T10:24:15.167+0200'), ('Ready for Testing', '2026-01-15T14:30:14.173+0200'), ('In Testing', '2026-01-23T14:13:59.902+0200'), ('Closed', '2026-01-23T14:14:07.859+0200')]
FIX-0056;[('In Progress', '2026-02-13T11:10:58.610+0200'), ('Ready for Testing', '2026-02-26T17:12:36.533+0200'), ('In Testing', '2026-03-06T09:33:24.155+0200'), ('Closed', '2026-03-06T09:33:29.664+0200')]
FIX-0057;[('In Progress', '2025-07-01T11:16:49.988+0300'), ('Ready for Testing', '2025-07-01T11:17:26.731+0300'), ('In Testing', '2025-07-09T12:04:13.427+0300'), ('Closed', '2025-07-09T12:04:17.089+0300')]
FIX-0058;[('In Progress', '2025-07-08T13:38:53.271+0300'), ('Ready for Testing', '2025-07-08T13:38:56.855+0300'), ('In Testing', '2025-08-22T12:05:29.176+0300'), ('In Progress', '2025-08-22T12:14:29.030+0300'), ('Ready for Testing', '2025-09-05T10:40:39.431+0300'), ('In Testing', '2025-09-05T12:49:46.212+0300'), ('Closed', '2025-09-05T16:07:03.654+0300')]
FIX-0059;[('In Progress', '2025-12-05T10:25:15.532+0200'), ('Ready for Testing', '2025-12-05T10:25:59.140+0200'), ('In Testing', '2025-12-05T13:27:43.226+0200'), ('Closed', '2025-12-05T13:27:47.567+0200')]
FIX-0060;[('In Progress', '2026-03-19T10:00:54.808+0200'), ('Ready for Testing', '2026-03-19T16:46:41.903+0200'), ('In Testing', '2026-04-02T12:50:48.941+0300'), ('Closed', '2026-04-02T12:50:53.536+0300')]
FIX-0061;[('In Progress', '2024-12-11T10:36:35.931+0200'), ('Ready for Testing', '2024-12-17T07:51:42.611+0200'), ('In Testing', '2026-02-03T16:49:48.303+0200'), ('Closed', '2026-02-03T16:49:53.881+0200')]
FIX-0062;[('In Progress', '2025-12-29T13:44:53.622+0200'), ('Ready for Testing', '2025-12-29T13:44:56.122+0200'), ('In Testing', '2025-12-30T08:16:12.010+0200'), ('Closed', '2025-12-30T08:16:16.149+0200')]
FIX-0063;None
FIX-0064;[('In Progress', '2025-04-10T08:51:28.095+0300'), ('Ready for Testing', '2025-04-10T08:55:42.639+0300'), ('In Testing', '2025-04-10T10:13:26.632+0300'), ('In Progress', '2025-04-10T10:13:33.222+0300'), ('Ready for Testing', '2025-04-17T13:53:41.334+0300'), ('In Testing', '2025-11-04T10:47:58.135+0200'), ('Closed', '2025-11-04T10:48:01.048+0200')]
FIX-0065;[('In Progress', '2025-09-15T13:01:59.430+0300'), ('Ready for Testing', '2025-09-15T13:02:03.962+0300'), ('In Testing', '2025-09-30T13:57:15.293+0300'), ('In Progress', '2025-09-30T13:57:17.507+0300'), ('Ready for Testing', '2025-10-09T13:02:03.916+0300'), ('In Testing', '2025-10-17T19:20:13.917+0300'), ('Closed', '2025-10-17T19:20:16.562+0300')]
FIX-0066;[('In Progress', '2026-02-05T11:05:07.953+0200'), ('Ready for Testing', '2026-02-05T11:05:12.465+0200'), ('In Testing', '2026-03-27T14:39:58.479+0200'), ('Closed', '2026-04-17T10:45:20.997+0300')]
FIX-0067;[('In Progress', '2025-10-07T16:30:59.888+0300'), ('Ready for Testing', '2025-10-08T14:01:36.003+0300'), ('In Testing', '2026-02-09T09:49:44.974+0200'), ('Closed', '2026-02-09T09:49:54.925+0200')]
FIX-0068;[('In Progress', '2025-06-25T11:25:26.570+0300'), ('Ready for Testing', '2025-06-25T11:25:31.384+0300'), ('In Testing', '2025-06-25T15:09:58.382+0300'), ('In Progress', '2025-06-25T15:10:01.533+0300'), ('Ready for Testing', '2025-07-02T15:01:52.224+0300'), ('In Testing', '2025-07-03T13:19:46.559+0300'), ('In Progress', '2025-07-03T13:19:55.571+0300'), ('Closed', '2025-09-17T07:54:02.576+0300')]
FIX-0069;[('In Progress', '2025-08-22T13:57:01.660+0300'), ('Ready for Testing', '2025-08-29T11:38:13.375+0300'), ('In Testing', '2025-09-03T11:00:10.833+0300'), ('Closed', '2025-09-03T11:00:14.919+0300')]
FIX-0070;None
FIX-0071;None
FIX-0072;[('In Progress', '2024-11-05T15:33:55.887+0200'), ('Ready for Testing', '2025-01-13T10:28:32.878+0200'), ('In Testing', '2025-10-30T15:04:09.785+0200'), ('Closed', '2025-10-30T15:04:12.467+0200')]
FIX-0073;[('In Progress', '2025-12-12T12:40:32.317+0200'), ('Ready for Testing', '2025-12-12T12:40:41.897+0200'), ('In Testing', '2026-03-09T19:22:18.032+0200'), ('Closed', '2026-03-09T19:22:25.896+0200')]
FIX-0074;[('In Progress', '2025-12-02T14:09:38.622+0200'), ('Ready for Testing', '2025-12-02T14:12:46.243+0200'), ('In Testing', '2025-12-03T14:54:05.276+0200'), ('Closed', '2025-12-03T14:54:10.069+0200')]
FIX-0075;None
FIX-0076;[('In Progress', '2025-06-19T12:51:42.795+0300'), ('Ready for Testing', '2025-06-19T12:54:07.267+0300'), ('In Testing', '2025-06-26T09:48:43.166+0300'), ('Closed', '2025-06-26T09:48:45.650+0300')]
FIX-0077;[('In Progress', '2025-05-22T13:02:28.385+0300'), ('Ready for Testing', '2025-05-22T13:04:41.872+0300'), ('In Testing', '2025-08-18T15:12:54.582+0300'), ('Closed', '2025-08-18T15:12:58.343+0300')]
FIX-0078;[('In Progress', '2025-08-14T09:14:40.579+0300'), ('Ready for Testing', '2025-08-14T09:14:53.155+0300'), ('In Testing', '2025-08-22T08:54:19.260+0300'), ('Closed', '2025-08-22T08:54:46.466+0300')]
FIX-0079;[('Closed', '2026-01-30T14:11:40.811+0200')]
FIX-0080;None
FIX-0081;[('In Progress', '2025-10-07T13:32:57.411+0300'), ('Ready for Testing', '2025-10-07T13:33:00.147+0300'), ('In Testing', '2025-10-27T11:06:03.209+0200'), ('Closed', '2025-10-27T11:06:06.426+0200')]
FIX-0082;[('In Progress', '2026-02-05T13:38:26.520+0200'), ('Ready for Testing', '2026-02-16T15:07:45.170+0200'), ('In Testing', '2026-02-18T14:31:15.839+0200'), ('In Progress', '2026-02-18T14:31:19.439+0200'), ('Ready for Testing', '2026-02-23T12:01:34.284+0200'), ('In Testing', '2026-02-26T13:26:46.687+0200'), ('Closed', '2026-02-26T13:26:48.971+0200')]
FIX-0083;[('In Progress', '2026-03-04T10:08:34.249+0200'), ('Ready for Testing', '2026-03-04T10:08:41.818+0200'), ('In Testing', '2026-03-04T10:18:34.451+0200'), ('Closed', '2026-03-04T10:18:38.021+0200')]
FIX-0084;None
FIX-0085;[('In Progress', '2026-03-26T13:27:36.656+0200'), ('Ready for Testing', '2026-03-26T17:24:52.830+0200'), ('In Testing', '2026-04-02T15:19:17.948+0300'), ('Closed', '2026-04-02T16:11:38.581+0300')]
FIX-0086;[('In Progress', '2026-01-23T09:24:22.767+0200'), ('Ready for Testing', '2026-01-23T09:24:26.271+0200'), ('In Testing', '2026-02-23T11:36:59.395+0200'), ('Closed', '2026-02-23T13:04:30.734+0200'), ('In Testing', '2026-02-24T08:32:11.105+0200'), ('Closed', '2026-02-27T07:46:07.077+0200')]
FIX-0087;[('In Progress', '2025-06-12T14:31:48.464+0300'), ('Ready for Testing', '2025-06-12T14:31:51.672+0300'), ('In Testing', '2025-06-25T15:37:49.933+0300'), ('Closed', '2025-06-25T15:37:53.517+0300')]
FIX-0088;[('In Progress', '2026-02-10T10:01:24.338+0200'), ('Ready for Testing', '2026-02-10T11:50:05.345+0200'), ('In Testing', '2026-02-13T12:21:32.293+0200'), ('Closed', '2026-03-02T13:39:00.397+0200')]
FIX-0089;[('In Progress', '2025-10-09T09:55:11.350+0300'), ('Ready for Testing', '2025-10-09T09:59:24.990+0300'), ('In Testing', '2025-10-13T12:38:46.306+0300'), ('Closed', '2025-10-13T12:38:49.312+0300'), ('In Testing', '2025-11-11T11:26:21.793+0200'), ('In Progress', '2025-12-01T12:38:59.088+0200'), ('Ready for Testing', '2025-12-10T10:07:33.082+0200'), ('In Testing', '2025-12-16T08:46:55.731+0200'), ('Closed', '2025-12-16T08:47:10.435+0200')]
FIX-0090;[('In Progress', '2026-03-13T08:31:50.041+0200'), ('Ready for Testing', '2026-03-13T08:32:09.648+0200'), ('In Testing', '2026-03-19T15:47:50.820+0200'), ('Closed', '2026-03-19T15:47:53.263+0200')]
FIX-0091;[('In Progress', '2026-03-17T13:58:38.845+0200'), ('Ready for Testing', '2026-03-17T13:59:46.620+0200'), ('In Testing', '2026-03-17T14:09:56.108+0200'), ('Closed', '2026-03-17T14:09:59.765+0200')]
FIX-0092;None
FIX-0093;None
FIX-0094;[('In Progress', '2025-10-16T12:48:41.267+0300'), ('Ready for Testing', '2025-10-20T10:04:45.708+0300'), ('In Testing', '2025-10-23T08:24:16.229+0300'), ('Closed', '2025-10-23T08:24:18.701+0300')]
FIX-0095;[('In Progress', '2026-03-16T09:00:51.927+0200'), ('Ready for Testing', '2026-03-20T12:58:10.063+0200'), ('In Testing', '2026-03-26T10:58:15.977+0200'), ('Closed', '2026-03-26T10:58:18.651+0200')]
FIX-0096;[('In Progress', '2025-07-29T09:48:25.168+0300'), ('Ready for Testing', '2025-07-29T09:48:30.568+0300'), ('In Testing', '2025-07-29T13:03:33.554+0300'), ('Closed', '2025-07-29T13:03:37.005+0300')]
FIX-0097;None
FIX-0098;None
FIX-0099;[('In Progress', '2025-11-11T09:36:10.748+0200'), ('Ready for Testing', '2025-11-11T09:36:13.819+0200'), ('In Testing', '2025-11-11T17:12:47.090+0200'), ('In Progress', '2025-11-11T17:12:51.309+0200'), ('Ready for Testing', '2025-11-28T10:44:11.104+0200'), ('In Testing', '2025-12-13T13:39:16.760+0200'), ('Closed', '2025-12-13T13:39:20.950+0200')]
FIX-0100;[('In Progress', '2025-01-13T10:21:51.120+0200'), ('Ready for Testing', '2025-01-13T10:21:55.078+0200'), ('In Testing', '2025-10-02T09:25:46.000+0300'), ('Closed', '2025-10-02T09:25:49.730+0300')]
FIX-0101;[('In Progress', '2025-09-25T15:10:50.717+0300'), ('Ready for Testing', '2025-09-25T15:11:38.004+0300'), ('In Testing', '2025-10-08T09:39:56.260+0300'), ('Closed', '2025-10-08T09:40:00.506+0300')]
FIX-0102;[('In Progress', '2026-02-12T13:07:37.016+0200'), ('Ready for Testing', '2026-02-18T09:37:00.252+0200'), ('In Testing', '2026-02-19T15:59:40.425+0200'), ('In Progress', '2026-02-19T15:59:43.741+0200'), ('Ready for Testing', '2026-02-25T15:12:13.977+0200'), ('In Testing', '2026-02-27T10:02:59.990+0200'), ('Closed', '2026-02-27T10:03:29.721+0200')]
FIX-0103;[('In Progress', '2025-10-28T13:20:29.207+0200'), ('Ready for Testing', '2025-10-28T13:20:32.148+0200'), ('In Testing', '2025-10-31T12:03:19.685+0200'), ('Closed', '2025-10-31T12:05:38.600+0200')]
FIX-0104;[('In Progress', '2026-03-19T16:38:04.807+0200'), ('Ready for Testing', '2026-03-19T16:38:10.849+0200'), ('In Testing', '2026-03-20T14:37:45.440+0200'), ('Closed', '2026-03-20T14:50:23.693+0200')]
FIX-0105;[('In Progress', '2025-10-01T15:21:05.238+0300'), ('Ready for Testing', '2025-10-01T15:22:34.038+0300'), ('In Testing', '2025-10-02T07:51:21.542+0300'), ('Closed', '2025-10-02T07:55:44.290+0300')]
FIX-0106;[('In Progress', '2025-07-10T15:22:36.387+0300'), ('Ready for Testing', '2025-07-10T15:27:10.505+0300'), ('In Testing', '2025-11-04T11:56:43.505+0200'), ('Closed', '2025-11-04T11:56:47.403+0200')]
FIX-0107;[('In Progress', '2025-03-14T11:08:00.289+0200'), ('Ready for Testing', '2025-03-14T11:09:27.428+0200'), ('In Testing', '2025-03-19T10:22:40.441+0200'), ('In Progress', '2025-03-19T10:28:54.945+0200'), ('Ready for Testing', '2025-03-21T09:22:55.000+0200'), ('In Testing', '2025-04-17T08:56:12.364+0300'), ('Closed', '2025-04-17T08:57:10.831+0300')]
FIX-0108;[('In Progress', '2026-02-04T17:26:27.295+0200'), ('Ready for Testing', '2026-02-09T14:33:07.448+0200'), ('In Testing', '2026-02-10T10:38:19.660+0200'), ('In Progress', '2026-02-10T10:38:28.716+0200'), ('Ready for Testing', '2026-02-12T16:26:37.949+0200'), ('In Testing', '2026-03-10T17:24:30.665+0200'), ('Closed', '2026-03-10T17:24:32.654+0200')]
FIX-0109;[('In Progress', '2025-05-16T09:28:47.665+0300'), ('Ready for Testing', '2025-05-16T09:28:57.369+0300'), ('In Testing', '2025-07-03T13:25:08.173+0300'), ('Closed', '2025-07-03T13:25:10.965+0300')]
FIX-0110;[('In Progress', '2026-01-16T11:02:58.673+0200'), ('Ready for Testing', '2026-01-16T11:03:00.891+0200'), ('In Testing', '2026-01-19T10:04:27.522+0200'), ('Closed', '2026-01-19T10:04:30.436+0200')]
FIX-0111;None
FIX-0112;[('In Progress', '2025-12-01T15:16:31.197+0200'), ('Ready for Testing', '2025-12-01T15:18:00.202+0200'), ('In Testing', '2025-12-03T15:02:13.977+0200'), ('Closed', '2025-12-03T15:02:16.810+0200')]
FIX-0113;[('In Progress', '2025-06-19T12:45:32.515+0300'), ('Ready for Testing', '2025-06-19T14:40:40.363+0300'), ('In Testing', '2025-08-19T11:56:05.988+0300'), ('Closed', '2025-08-19T11:56:09.000+0300')]
FIX-0114;None
FIX-0115;[('In Progress', '2025-09-16T16:55:43.138+0300'), ('Ready for Testing', '2025-09-18T08:03:40.642+0300'), ('In Testing', '2025-09-19T08:32:19.144+0300'), ('In Progress', '2025-09-19T08:44:51.371+0300'), ('Ready for Testing', '2025-09-23T15:04:23.190+0300'), ('In Testing', '2025-09-25T13:37:41.310+0300'), ('In Progress', '2025-09-25T13:37:49.687+0300'), ('Ready for Testing', '2025-09-26T16:12:46.618+0300'), ('In Testing', '2025-09-30T09:19:25.067+0300'), ('In Progress', '2025-09-30T09:19:30.339+0300'), ('Ready for Testing', '2025-10-01T12:21:39.469+0300'), ('In Testing', '2025-10-02T07:40:32.301+0300'), ('Closed', '2025-10-02T07:40:37.067+0300')]
FIX-0116;[('In Progress', '2024-09-30T13:27:37.546+0300'), ('Closed', '2024-09-30T14:20:53.149+0300')]
FIX-0117;[('In Progress', '2025-01-15T15:27:21.410+0200'), ('Ready for Testing', '2025-01-21T08:39:37.128+0200'), ('In Testing', '2025-02-11T18:59:08.117+0200'), ('Closed', '2025-02-11T18:59:17.182+0200')]
FIX-0118;[('In Progress', '2026-03-25T08:10:43.922+0200'), ('Ready for Testing', '2026-03-25T10:05:08.694+0200'), ('In Testing', '2026-03-25T14:42:48.414+0200'), ('Closed', '2026-03-25T14:42:50.838+0200')]
FIX-0119;[('In Progress', '2025-07-01T13:07:49.883+0300'), ('Ready for Testing', '2025-07-01T13:07:53.596+0300'), ('In Testing', '2025-07-03T11:03:44.190+0300'), ('In Progress', '2025-07-03T11:03:49.805+0300'), ('Ready for Testing', '2025-07-03T11:04:55.954+0300'), ('In Testing', '2025-07-03T11:04:58.325+0300'), ('In Progress', '2025-07-03T11:05:05.600+0300'), ('Ready for Testing', '2025-07-04T13:43:44.883+0300'), ('In Testing', '2025-07-11T09:18:45.955+0300'), ('Closed', '2025-07-11T09:18:48.557+0300')]
FIX-0120;[('In Progress', '2025-06-23T10:12:00.358+0300'), ('Ready for Testing', '2025-06-23T10:12:05.022+0300'), ('In Testing', '2025-06-30T10:49:54.759+0300'), ('Closed', '2025-06-30T10:58:57.883+0300')]
FIX-0121;[('In Progress', '2025-08-25T14:01:51.495+0300'), ('Ready for Testing', '2025-08-25T14:05:35.472+0300'), ('In Testing', '2025-08-26T16:55:44.326+0300'), ('Closed', '2025-08-26T16:55:47.099+0300')]
FIX-0122;[('In Progress', '2025-09-08T08:38:10.811+0300'), ('Ready for Testing', '2025-09-08T08:39:32.325+0300'), ('In Testing', '2025-09-17T12:43:08.927+0300'), ('Closed', '2025-09-17T12:43:12.537+0300')]
FIX-0123;[('In Progress', '2025-08-12T16:23:46.592+0300'), ('Ready for Testing', '2025-08-12T16:23:51.921+0300'), ('In Testing', '2025-08-19T15:17:06.203+0300'), ('Closed', '2025-08-19T15:17:09.721+0300')]
FIX-0124;[('In Progress', '2025-06-26T12:52:17.617+0300'), ('Ready for Testing', '2025-06-26T12:57:45.682+0300'), ('In Testing', '2025-06-27T14:20:31.521+0300'), ('In Progress', '2025-06-27T14:20:36.182+0300'), ('Ready for Testing', '2025-07-03T10:13:18.114+0300'), ('In Testing', '2025-07-04T15:48:04.007+0300'), ('In Progress', '2025-07-04T15:48:07.467+0300'), ('Closed', '2025-09-17T08:44:47.964+0300')]
FIX-0125;[('In Progress', '2025-11-03T08:44:22.702+0200'), ('Ready for Testing', '2025-11-03T08:44:35.051+0200'), ('In Testing', '2025-11-03T15:56:30.326+0200'), ('In Progress', '2025-11-03T15:56:33.234+0200'), ('Ready for Testing', '2025-11-06T12:33:12.684+0200'), ('In Testing', '2025-11-10T13:46:40.068+0200'), ('In Progress', '2025-11-10T14:16:01.856+0200'), ('Ready for Testing', '2025-11-14T09:08:53.437+0200'), ('In Testing', '2025-11-17T13:00:35.044+0200'), ('Closed', '2025-11-17T16:10:19.827+0200')]
FIX-0126;[('In Progress', '2025-07-10T09:54:08.258+0300'), ('Ready for Testing', '2025-07-10T11:09:23.931+0300'), ('In Testing', '2025-07-14T10:11:49.199+0300'), ('Closed', '2025-07-14T10:11:51.868+0300')]
FIX-0127;[('In Progress', '2025-02-13T14:54:19.589+0200'), ('Ready for Testing', '2025-02-13T14:54:23.278+0200'), ('In Testing', '2025-09-03T10:02:56.995+0300'), ('Closed', '2025-09-03T10:03:00.826+0300')]
FIX-0128;[('In Progress', '2025-12-31T06:33:47.224+0200'), ('Ready for Testing', '2025-12-31T09:39:53.151+0200'), ('In Testing', '2025-12-31T13:33:35.564+0200'), ('Closed', '2025-12-31T13:33:38.695+0200')]
FIX-0129;[('In Progress', '2025-11-28T13:53:46.952+0200'), ('Ready for Testing', '2025-11-28T13:54:47.881+0200'), ('In Testing', '2025-12-01T15:06:31.987+0200'), ('Closed', '2025-12-01T15:06:35.109+0200')]
FIX-0130;[('In Progress', '2025-11-04T16:47:27.296+0200'), ('Ready for Testing', '2025-11-04T16:47:39.787+0200'), ('In Testing', '2025-11-07T10:05:24.361+0200'), ('In Progress', '2025-11-07T10:05:27.613+0200'), ('Ready for Testing', '2025-11-07T10:38:48.350+0200'), ('In Testing', '2025-11-07T13:39:19.920+0200'), ('Closed', '2025-11-07T13:39:22.440+0200')]
FIX-0131;[('In Progress', '2025-03-04T13:52:15.435+0200'), ('Ready for Testing', '2025-03-04T14:20:22.579+0200'), ('In Testing', '2026-02-23T14:12:01.350+0200'), ('Closed', '2026-02-23T14:13:21.996+0200')]
FIX-0132;None
FIX-0133;[('In Progress', '2025-10-02T09:26:48.770+0300'), ('Ready for Testing', '2025-10-02T09:26:52.610+0300'), ('In Testing', '2025-12-05T08:52:38.411+0200'), ('Closed', '2025-12-05T08:52:53.335+0200')]
FIX-0134;None
FIX-0135;[('In Progress', '2025-11-14T11:07:29.926+0200'), ('Ready for Testing', '2025-11-18T10:39:05.268+0200'), ('In Testing', '2025-11-20T15:57:55.078+0200'), ('Closed', '2025-11-20T15:57:57.913+0200')]
FIX-0136;[('In Progress', '2025-11-06T13:45:58.507+0200'), ('Ready for Testing', '2025-11-12T06:49:14.964+0200'), ('In Testing', '2025-11-13T14:28:25.896+0200'), ('Closed', '2025-11-13T14:28:29.259+0200')]
FIX-0137;None
FIX-0138;[('In Progress', '2026-02-13T14:53:30.910+0200'), ('Ready for Testing', '2026-02-16T11:44:57.384+0200'), ('In Testing', '2026-02-19T16:22:35.390+0200'), ('In Progress', '2026-02-19T16:22:39.872+0200'), ('Ready for Testing', '2026-02-23T11:42:37.468+0200'), ('In Testing', '2026-03-09T15:11:57.404+0200'), ('Closed', '2026-03-09T15:12:01.248+0200')]
FIX-0139;[('In Progress', '2026-01-26T13:17:13.382+0200'), ('Ready for Testing', '2026-01-26T13:29:43.822+0200'), ('In Testing', '2026-01-26T13:43:34.221+0200'), ('Closed', '2026-01-26T13:43:37.014+0200')]
FIX-0140;[('In Progress', '2026-03-13T15:57:06.425+0200'), ('Ready for Testing', '2026-03-20T16:26:30.081+0200'), ('In Testing', '2026-03-26T10:57:11.478+0200'), ('Closed', '2026-03-26T10:57:15.379+0200')]
FIX-0141;[('In Progress', '2026-03-19T19:55:56.672+0200'), ('Ready for Testing', '2026-03-19T19:55:59.918+0200'), ('In Testing', '2026-03-23T22:58:11.611+0200'), ('Closed', '2026-03-23T22:58:14.531+0200')]
FIX-0142;[('In Progress', '2025-10-02T09:47:54.606+0300'), ('Ready for Testing', '2025-10-02T09:47:57.154+0300'), ('In Testing', '2025-10-07T09:08:09.866+0300'), ('In Progress', '2025-10-07T09:11:35.929+0300'), ('Ready for Testing', '2025-10-10T09:41:17.130+0300'), ('In Testing', '2025-10-13T12:31:37.429+0300'), ('Closed', '2025-10-13T12:31:40.590+0300')]
FIX-0143;None
FIX-0144;None
FIX-0145;[('In Progress', '2025-10-14T15:49:25.250+0300'), ('Ready for Testing', '2025-10-14T15:50:38.837+0300'), ('In Testing', '2025-10-17T11:23:27.552+0300'), ('Closed', '2025-10-17T11:23:30.257+0300')]
FIX-0146;[('In Progress', '2025-07-29T15:05:04.644+0300'), ('Ready for Testing', '2025-07-29T15:06:03.657+0300'), ('In Testing', '2025-07-29T15:57:09.399+0300'), ('Closed', '2025-07-29T15:57:14.314+0300')]
FIX-0147;[('In Progress', '2025-08-12T11:06:20.097+0300'), ('Ready for Testing', '2025-08-18T17:09:49.623+0300'), ('In Testing', '2025-08-19T11:31:24.011+0300'), ('Closed', '2025-08-19T11:31:27.450+0300')]
FIX-0148;[('In Progress', '2025-11-14T12:10:44.012+0200'), ('Ready for Testing', '2025-11-14T12:10:48.545+0200'), ('In Testing', '2025-11-18T13:24:02.377+0200'), ('Closed', '2025-11-19T08:08:14.887+0200')]
FIX-0149;None
FIX-0150;[('In Progress', '2025-09-01T12:41:57.047+0300'), ('Ready for Testing', '2025-09-01T12:42:00.943+0300'), ('In Testing', '2025-09-12T11:20:10.016+0300'), ('Closed', '2025-09-12T11:20:36.591+0300')]
FIX-0151;[('Closed', '2026-01-30T14:14:09.342+0200')]
FIX-0152;None
FIX-0153;[('In Progress', '2026-02-02T14:33:43.430+0200'), ('Ready for Testing', '2026-02-02T14:36:01.699+0200'), ('In Testing', '2026-02-03T13:04:33.168+0200'), ('Closed', '2026-02-03T13:04:37.333+0200')]
FIX-0154;[('In Progress', '2025-11-11T13:54:38.985+0200'), ('Ready for Testing', '2025-11-14T09:50:38.533+0200'), ('In Testing', '2025-12-11T16:14:01.123+0200'), ('In Progress', '2025-12-15T15:54:41.791+0200'), ('Ready for Testing', '2025-12-22T10:56:33.794+0200'), ('In Testing', '2026-03-27T11:56:16.811+0200'), ('Closed', '2026-04-17T10:45:03.882+0300')]
FIX-0155;[('Closed', '2024-09-10T17:07:59.713+0300')]
FIX-0156;[('In Progress', '2025-12-19T08:16:54.826+0200'), ('Ready for Testing', '2025-12-19T08:18:40.387+0200'), ('In Testing', '2025-12-22T08:34:48.630+0200'), ('Closed', '2025-12-22T08:34:57.606+0200')]
FIX-0157;[('In Progress', '2025-04-24T07:57:09.217+0300'), ('Ready for Testing', '2025-04-24T07:57:23.886+0300'), ('In Testing', '2025-10-08T16:39:46.594+0300'), ('In Progress', '2025-10-09T13:35:52.834+0300'), ('Closed', '2025-10-09T13:36:24.416+0300'), ('In Testing', '2025-10-09T13:36:34.080+0300'), ('In Progress', '2025-10-09T13:36:38.457+0300'), ('Ready for Testing', '2025-10-16T15:19:48.023+0300'), ('In Testing', '2025-10-16T15:19:51.148+0300'), ('Closed', '2025-10-16T15:19:55.000+0300')]
FIX-0158;[('In Progress', '2025-10-31T14:10:52.418+0200'), ('Ready for Testing', '2025-10-31T14:20:59.784+0200'), ('In Testing', '2025-11-03T17:35:01.961+0200'), ('Closed', '2025-11-03T17:35:04.719+0200')]
FIX-0159;[('In Progress', '2025-11-06T10:42:53.579+0200'), ('Ready for Testing', '2025-11-06T10:42:59.178+0200'), ('In Testing', '2025-11-11T08:54:23.932+0200'), ('Closed', '2025-11-11T08:54:27.585+0200')]
FIX-0160;[('In Progress', '2025-12-29T11:16:46.844+0200'), ('Ready for Testing', '2025-12-29T11:27:38.333+0200'), ('In Testing', '2026-01-18T10:29:10.810+0200'), ('Closed', '2026-01-18T10:29:13.163+0200')]
FIX-0161;[('In Progress', '2026-03-24T14:48:40.605+0200'), ('Ready for Testing', '2026-03-27T09:12:53.785+0200'), ('In Testing', '2026-04-01T09:08:40.831+0300'), ('Closed', '2026-04-01T09:08:45.648+0300')]
FIX-0162;[('In Progress', '2025-12-31T09:16:50.891+0200'), ('Ready for Testing', '2025-12-31T09:16:58.120+0200'), ('In Testing', '2026-01-07T09:24:30.020+0200'), ('Closed', '2026-01-07T09:45:21.872+0200')]
FIX-0163;None
FIX-0164;[('In Progress', '2025-08-29T13:06:05.917+0300'), ('Closed', '2025-08-29T13:09:31.498+0300')]
FIX-0165;None
FIX-0166;None
FIX-0167;[('In Progress', '2025-12-30T15:13:23.920+0200'), ('Ready for Testing', '2025-12-31T10:43:43.801+0200'), ('In Testing', '2025-12-31T13:33:16.935+0200'), ('Closed', '2025-12-31T13:33:20.717+0200')]
FIX-0168;[('In Progress', '2026-03-16T11:54:02.121+0200'), ('Ready for Testing', '2026-03-16T11:55:23.189+0200'), ('In Testing', '2026-03-23T20:06:24.675+0200'), ('Closed', '2026-03-23T20:06:29.397+0200')]
FIX-0169;[('In Progress', '2025-10-04T21:01:38.473+0300'), ('Ready for Testing', '2025-10-04T21:02:05.528+0300'), ('In Testing', '2025-10-20T10:16:06.580+0300'), ('Closed', '2025-10-20T10:16:51.689+0300')]
FIX-0170;[('In Progress', '2025-09-04T10:53:41.147+0300'), ('Ready for Testing', '2025-09-08T09:15:03.045+0300'), ('In Testing', '2025-09-11T10:06:33.557+0300'), ('Closed', '2025-09-11T10:50:27.815+0300')]
FIX-0171;None
FIX-0172;[('In Progress', '2025-09-16T09:59:49.015+0300'), ('Ready for Testing', '2025-09-16T09:59:53.065+0300'), ('In Testing', '2025-10-07T12:38:45.457+0300'), ('Closed', '2025-10-07T12:42:41.583+0300')]
FIX-0173;None
FIX-0174;[('In Progress', '2025-09-23T09:40:25.483+0300'), ('Ready for Testing', '2025-09-23T09:40:28.672+0300'), ('In Testing', '2025-09-25T08:02:38.639+0300'), ('In Progress', '2025-09-25T08:02:50.104+0300'), ('Ready for Testing', '2025-10-29T15:46:35.339+0200'), ('In Testing', '2025-11-06T12:51:02.322+0200'), ('Closed', '2025-11-06T12:52:44.127+0200')]
FIX-0175;None
FIX-0176;[('In Progress', '2025-06-25T10:19:10.770+0300'), ('Ready for Testing', '2025-06-25T10:19:18.294+0300'), ('In Testing', '2025-06-26T15:05:34.290+0300'), ('In Progress', '2025-06-26T15:05:38.324+0300'), ('Ready for Testing', '2025-07-01T13:23:08.182+0300'), ('In Testing', '2025-08-27T15:48:46.729+0300'), ('In Progress', '2025-08-27T15:48:49.072+0300'), ('Ready for Testing', '2025-09-05T10:08:29.601+0300'), ('In Testing', '2025-09-23T12:47:41.404+0300'), ('Closed', '2025-09-23T12:47:44.702+0300')]
FIX-0177;[('In Progress', '2026-01-28T14:12:26.524+0200'), ('Ready for Testing', '2026-01-30T12:37:25.354+0200'), ('In Testing', '2026-02-05T22:15:45.963+0200'), ('Closed', '2026-02-05T22:15:48.949+0200')]
FIX-0178;[('In Progress', '2025-10-09T07:29:37.028+0300'), ('Ready for Testing', '2025-10-10T08:49:57.921+0300'), ('In Testing', '2025-10-16T12:55:33.723+0300'), ('Closed', '2025-10-16T12:55:37.197+0300')]
FIX-0179;[('In Progress', '2025-06-12T09:41:19.717+0300'), ('Ready for Testing', '2025-06-12T09:41:22.275+0300'), ('In Testing', '2025-09-04T14:31:13.416+0300'), ('In Progress', '2025-09-04T14:31:16.656+0300'), ('Ready for Testing', '2025-09-15T13:02:24.518+0300'), ('In Testing', '2025-09-30T13:57:00.473+0300'), ('In Progress', '2025-09-30T13:57:02.816+0300'), ('Ready for Testing', '2025-10-09T13:01:34.953+0300'), ('In Testing', '2025-10-17T19:19:59.566+0300'), ('Closed', '2025-10-17T19:20:03.679+0300')]
FIX-0180;[('In Progress', '2024-11-14T11:36:35.589+0200'), ('Ready for Testing', '2024-11-18T09:37:15.072+0200'), ('In Testing', '2025-09-15T11:06:05.792+0300'), ('Closed', '2025-09-15T11:06:08.939+0300')]
FIX-0181;[('In Progress', '2025-12-11T15:57:50.017+0200'), ('Ready for Testing', '2025-12-11T15:58:39.777+0200'), ('In Testing', '2025-12-16T09:09:58.104+0200'), ('Closed', '2025-12-16T09:10:03.074+0200')]
FIX-0182;[('In Progress', '2025-09-19T10:51:00.786+0300'), ('Ready for Testing', '2025-09-19T10:51:03.493+0300'), ('In Testing', '2025-09-25T13:55:56.405+0300'), ('Closed', '2025-09-25T13:55:58.806+0300')]
FIX-0183;None
FIX-0184;[('In Progress', '2026-03-13T08:47:35.037+0200'), ('Ready for Testing', '2026-03-13T08:48:59.973+0200'), ('In Testing', '2026-03-19T15:48:12.932+0200'), ('Closed', '2026-03-19T15:48:15.350+0200')]
FIX-0185;None
FIX-0186;[('In Progress', '2025-11-14T09:08:07.584+0200'), ('Ready for Testing', '2025-11-14T09:08:12.738+0200'), ('In Testing', '2025-11-17T13:00:45.359+0200'), ('Closed', '2025-11-17T16:10:34.831+0200')]
FIX-0187;[('In Progress', '2025-07-03T10:41:59.086+0300'), ('Ready for Testing', '2025-07-03T10:42:02.341+0300'), ('In Testing', '2025-07-03T12:22:38.746+0300'), ('Closed', '2025-07-03T12:22:45.017+0300')]
FIX-0188;[('In Progress', '2024-11-15T10:22:59.378+0200'), ('Ready for Testing', '2024-11-15T10:23:09.682+0200'), ('In Testing', '2024-12-02T09:42:33.473+0200'), ('In Progress', '2024-12-02T09:42:39.663+0200'), ('Ready for Testing', '2024-12-09T11:16:03.314+0200'), ('In Testing', '2024-12-10T15:11:42.412+0200'), ('Closed', '2024-12-10T15:11:49.010+0200')]
FIX-0189;None
FIX-0190;[('In Progress', '2026-04-01T15:22:12.264+0300'), ('Ready for Testing', '2026-04-02T13:25:58.019+0300'), ('In Testing', '2026-04-02T13:37:38.029+0300'), ('Closed', '2026-04-02T13:37:41.308+0300')]
FIX-0191;[('In Progress', '2025-07-16T12:27:21.069+0300'), ('Ready for Testing', '2025-07-16T13:52:06.898+0300'), ('In Testing', '2025-08-08T12:10:51.952+0300'), ('Closed', '2025-08-08T12:10:58.262+0300')]
FIX-0192;[('In Progress', '2025-11-28T13:33:23.045+0200'), ('Ready for Testing', '2025-11-28T13:33:43.395+0200'), ('In Testing', '2025-12-03T15:02:00.345+0200'), ('Closed', '2025-12-03T15:02:03.064+0200')]
FIX-0193;None
FIX-0194;[('In Progress', '2025-08-21T08:50:47.289+0300'), ('Ready for Testing', '2025-08-21T08:51:30.051+0300'), ('In Testing', '2025-08-27T08:15:22.328+0300'), ('Closed', '2025-08-27T08:30:03.378+0300')]
FIX-0195;None
FIX-0196;[('In Progress', '2025-10-27T10:30:33.101+0200'), ('Ready for Testing', '2025-10-30T15:29:22.807+0200'), ('In Testing', '2025-10-31T11:47:47.222+0200'), ('In Progress', '2025-10-31T11:47:51.330+0200'), ('Closed', '2025-12-19T08:16:32.673+0200')]
FIX-0197;[('In Progress', '2025-06-24T09:01:13.036+0300'), ('Ready for Testing', '2025-06-24T13:36:33.488+0300'), ('In Testing', '2025-07-09T12:03:36.778+0300'), ('Closed', '2025-07-09T12:03:39.766+0300')]
FIX-0198;[('Closed', '2025-01-16T09:35:02.233+0200')]
FIX-0199;None
FIX-0200;[('In Progress', '2025-08-13T13:09:33.068+0300'), ('Ready for Testing', '2025-08-13T13:09:36.394+0300'), ('In Testing', '2025-08-28T08:35:45.902+0300'), ('Closed', '2025-08-28T08:35:54.363+0300')]
FIX-0201;[('In Progress', '2025-06-25T16:49:05.911+0300'), ('Ready for Testing', '2025-06-25T16:51:56.576+0300'), ('In Testing', '2025-07-03T12:35:14.633+0300'), ('Closed', '2025-07-03T12:35:17.383+0300')]
FIX-0202;None
FIX-0203;[('In Progress', '2025-06-27T15:27:34.698+0300'), ('Ready for Testing', '2025-06-27T15:27:51.086+0300'), ('In Testing', '2025-07-03T12:33:08.331+0300'), ('Closed', '2025-07-03T12:33:11.764+0300')]
FIX-0204;[('In Progress', '2026-01-14T12:44:27.102+0200'), ('Ready for Testing', '2026-01-16T06:27:50.745+0200'), ('In Testing', '2026-01-19T10:01:43.958+0200'), ('Closed', '2026-01-19T10:01:46.781+0200')]
FIX-0205;[('In Progress', '2025-09-04T13:45:06.977+0300'), ('Ready for Testing', '2025-09-04T13:52:06.366+0300'), ('In Testing', '2025-09-23T12:46:03.694+0300'), ('Closed', '2025-09-23T12:47:17.216+0300')]
FIX-0206;[('In Progress', '2025-07-09T15:39:07.144+0300'), ('Ready for Testing', '2025-07-10T08:20:48.835+0300'), ('In Testing', '2025-07-10T15:46:09.308+0300'), ('Closed', '2025-07-10T15:46:12.139+0300')]
FIX-0207;[('In Progress', '2025-05-09T11:05:43.270+0300'), ('Ready for Testing', '2025-05-09T11:05:46.632+0300'), ('In Testing', '2025-06-05T10:32:41.924+0300'), ('Closed', '2025-06-05T10:32:46.927+0300')]
FIX-0208;None
FIX-0209;[('In Progress', '2025-08-12T07:51:54.991+0300'), ('Ready for Testing', '2025-08-14T14:59:32.076+0300'), ('In Testing', '2025-08-21T08:35:48.464+0300'), ('Closed', '2025-08-21T08:40:41.632+0300')]
FIX-0210;[('In Progress', '2025-06-12T10:25:15.785+0300'), ('Ready for Testing', '2025-06-12T10:26:02.321+0300'), ('In Testing', '2025-06-25T15:39:06.630+0300'), ('Closed', '2025-06-25T15:39:09.485+0300')]
FIX-0211;[('In Progress', '2025-06-23T11:38:13.300+0300'), ('Ready for Testing', '2025-06-23T11:44:24.730+0300'), ('In Testing', '2025-07-01T09:09:24.838+0300'), ('Closed', '2025-07-01T09:09:28.244+0300')]
FIX-0212;None
FIX-0213;None
FIX-0214;[('In Progress', '2026-03-30T12:28:47.455+0300'), ('Ready for Testing', '2026-04-01T09:57:43.214+0300'), ('In Testing', '2026-04-08T10:24:28.781+0300'), ('Closed', '2026-04-08T10:24:32.314+0300')]
FIX-0215;None
FIX-0216;[('In Progress', '2026-03-11T14:33:59.722+0200'), ('Ready for Testing', '2026-03-13T13:13:17.484+0200'), ('In Testing', '2026-04-01T15:26:35.105+0300'), ('Closed', '2026-04-01T15:26:37.349+0300')]
FIX-0217;[('In Progress', '2025-02-19T13:56:54.237+0200'), ('Ready for Testing', '2025-02-19T13:56:56.769+0200'), ('In Testing', '2025-10-10T13:27:56.547+0300'), ('Closed', '2025-10-10T13:32:20.876+0300')]
FIX-0218;[('In Progress', '2025-07-31T13:04:29.120+0300'), ('Ready for Testing', '2025-07-31T13:04:41.063+0300'), ('In Testing', '2025-08-08T12:11:17.157+0300'), ('Closed', '2025-08-08T12:11:20.781+0300')]
FIX-0219;[('In Progress', '2025-07-11T13:13:57.277+0300'), ('Ready for Testing', '2025-07-11T13:14:25.405+0300'), ('In Testing', '2025-07-14T10:08:56.285+0300'), ('Closed', '2025-07-14T10:09:00.422+0300')]
FIX-0220;[('In Progress', '2025-07-31T10:41:13.722+0300'), ('Ready for Testing', '2025-07-31T10:41:27.250+0300'), ('In Testing', '2025-08-19T16:07:31.417+0300'), ('Closed', '2025-08-19T16:07:35.010+0300')]
FIX-0221;None
FIX-0222;None
FIX-0223;[('In Progress', '2025-10-23T07:47:51.352+0300'), ('Ready for Testing', '2025-10-23T07:48:14.505+0300'), ('In Testing', '2025-10-28T09:30:33.411+0200'), ('In Progress', '2025-10-28T10:08:18.429+0200'), ('Ready for Testing', '2025-10-30T07:29:13.243+0200'), ('In Testing', '2025-11-03T08:42:14.563+0200'), ('Closed', '2025-11-03T10:56:01.921+0200')]
FIX-0224;None
FIX-0225;None
FIX-0226;[('In Progress', '2025-11-18T07:40:18.725+0200'), ('Ready for Testing', '2025-11-21T10:10:04.345+0200'), ('In Testing', '2026-01-19T09:52:40.645+0200'), ('Closed', '2026-01-19T09:52:43.609+0200')]
FIX-0227;[('In Progress', '2026-02-12T11:30:20.206+0200'), ('Ready for Testing', '2026-02-12T11:30:23.878+0200'), ('In Testing', '2026-02-16T12:41:37.778+0200'), ('Closed', '2026-02-16T12:41:41.931+0200')]
FIX-0228;[('In Progress', '2025-03-31T08:32:59.488+0300'), ('Ready for Testing', '2025-03-31T08:33:02.333+0300'), ('In Testing', '2025-10-02T09:28:46.973+0300'), ('Closed', '2025-10-02T09:28:49.605+0300')]
FIX-0229;[('In Progress', '2025-07-07T12:53:51.967+0300'), ('Ready for Testing', '2025-07-07T13:17:14.181+0300'), ('In Testing', '2025-07-10T15:58:33.653+0300'), ('Closed', '2025-07-10T16:06:30.638+0300')]
FIX-0230;[('In Progress', '2025-09-30T09:21:04.345+0300'), ('Ready for Testing', '2025-09-30T09:21:07.574+0300'), ('In Testing', '2025-10-01T15:59:19.839+0300'), ('Closed', '2025-10-09T15:35:56.415+0300')]
FIX-0231;[('In Progress', '2025-11-28T10:06:50.572+0200'), ('Ready for Testing', '2025-11-28T13:57:19.243+0200'), ('In Testing', '2025-12-01T10:10:33.493+0200'), ('Closed', '2025-12-01T10:10:36.927+0200')]
FIX-0232;[('In Progress', '2026-01-15T10:26:38.730+0200'), ('Ready for Testing', '2026-01-15T11:47:15.512+0200'), ('In Testing', '2026-02-26T12:32:37.766+0200'), ('Closed', '2026-02-26T12:32:40.803+0200')]
FIX-0233;[('In Progress', '2025-09-24T06:32:00.282+0300'), ('Ready for Testing', '2025-09-25T07:31:43.186+0300'), ('In Testing', '2025-09-25T15:43:12.998+0300'), ('Closed', '2025-09-26T13:09:41.002+0300')]
FIX-0234;[('In Progress', '2026-02-26T12:33:28.902+0200'), ('Closed', '2026-02-26T12:33:54.539+0200')]
FIX-0235;[('In Progress', '2025-06-12T09:40:53.517+0300'), ('Ready for Testing', '2025-06-12T09:40:58.184+0300'), ('In Testing', '2025-09-04T14:30:53.113+0300'), ('In Progress', '2025-09-04T14:30:56.161+0300'), ('Ready for Testing', '2025-09-15T13:02:08.753+0300'), ('In Testing', '2025-09-30T13:56:45.609+0300'), ('In Progress', '2025-09-30T13:56:49.502+0300'), ('Ready for Testing', '2025-10-09T13:00:49.634+0300'), ('In Testing', '2025-10-17T19:19:43.739+0300'), ('Closed', '2025-10-17T19:19:47.241+0300')]
FIX-0236;None
FIX-0237;[('In Progress', '2025-01-13T10:19:46.265+0200'), ('Ready for Testing', '2025-01-13T10:19:50.204+0200'), ('In Testing', '2025-10-17T13:56:52.352+0300'), ('Closed', '2025-10-17T13:56:54.773+0300')]
FIX-0238;[('In Progress', '2025-11-14T14:12:24.729+0200'), ('Ready for Testing', '2025-11-14T14:12:28.910+0200'), ('In Testing', '2025-11-17T16:07:52.000+0200'), ('Closed', '2025-11-17T16:10:17.283+0200')]
FIX-0239;None
FIX-0240;[('In Progress', '2025-12-22T12:07:05.837+0200'), ('Ready for Testing', '2025-12-23T10:05:36.432+0200'), ('In Testing', '2025-12-23T11:45:17.513+0200'), ('In Progress', '2025-12-23T11:45:21.072+0200'), ('Ready for Testing', '2026-02-20T14:12:58.684+0200'), ('In Testing', '2026-02-23T11:36:50.089+0200'), ('Closed', '2026-02-23T13:04:08.408+0200'), ('In Testing', '2026-02-24T08:31:50.513+0200'), ('Closed', '2026-02-27T07:45:40.073+0200')]
FIX-0241;[('In Progress', '2026-01-09T12:11:23.149+0200'), ('Ready for Testing', '2026-02-22T09:56:22.736+0200'), ('In Testing', '2026-02-23T11:35:00.914+0200'), ('Closed', '2026-02-23T13:03:45.177+0200'), ('In Testing', '2026-02-24T08:31:56.445+0200'), ('Closed', '2026-02-27T07:46:17.392+0200')]
FIX-0242;[('In Progress', '2025-07-31T10:44:15.342+0300'), ('Ready for Testing', '2025-07-31T10:44:22.399+0300'), ('In Testing', '2025-08-21T08:48:41.540+0300'), ('Closed', '2025-08-21T08:48:47.281+0300')]
FIX-0243;[('In Progress', '2025-10-06T10:12:12.225+0300'), ('Ready for Testing', '2025-10-06T10:12:17.738+0300'), ('In Testing', '2025-10-10T14:20:43.029+0300'), ('Closed', '2025-10-10T14:20:46.412+0300')]
FIX-0244;[('In Progress', '2026-01-23T09:29:41.182+0200'), ('Ready for Testing', '2026-01-23T09:29:45.011+0200'), ('In Testing', '2026-01-23T16:27:02.602+0200'), ('Closed', '2026-01-26T07:44:35.437+0200')]
FIX-0245;[('In Progress', '2026-01-23T11:11:57.297+0200'), ('Ready for Testing', '2026-01-23T11:12:00.383+0200'), ('In Testing', '2026-01-26T12:09:00.409+0200'), ('Closed', '2026-01-31T13:33:17.764+0200')]
FIX-0246;[('In Progress', '2025-03-11T15:41:22.802+0200'), ('Ready for Testing', '2025-03-11T15:41:26.182+0200'), ('In Testing', '2025-03-12T09:10:56.368+0200'), ('Closed', '2025-03-12T09:11:01.720+0200')]
FIX-0247;None
FIX-0248;[('In Progress', '2025-11-13T10:19:45.703+0200'), ('Ready for Testing', '2025-11-13T10:22:44.203+0200'), ('In Testing', '2026-03-09T08:50:44.195+0200'), ('Closed', '2026-03-09T10:52:15.629+0200')]
FIX-0249;[('In Progress', '2026-03-26T15:04:19.183+0200'), ('Ready for Testing', '2026-03-26T20:44:44.497+0200'), ('In Testing', '2026-03-26T20:53:35.311+0200'), ('In Progress', '2026-03-26T20:53:39.623+0200'), ('Ready for Testing', '2026-03-27T14:35:00.586+0200'), ('In Testing', '2026-03-31T08:25:42.995+0300'), ('Closed', '2026-03-31T08:25:45.976+0300')]
FIX-0250;[('In Progress', '2026-03-25T08:12:07.457+0200'), ('Ready for Testing', '2026-03-25T10:05:57.151+0200'), ('In Testing', '2026-03-25T14:42:36.285+0200'), ('Closed', '2026-03-25T14:42:38.879+0200')]
FIX-0251;[('In Progress', '2024-12-18T09:50:50.191+0200'), ('Ready for Testing', '2024-12-18T16:26:56.139+0200'), ('In Testing', '2025-02-11T20:16:15.139+0200'), ('Closed', '2025-02-11T20:16:20.464+0200')]
FIX-0252;[('In Progress', '2025-10-22T15:19:51.492+0300'), ('Ready for Testing', '2025-10-22T15:20:12.920+0300'), ('In Testing', '2025-10-27T16:32:20.809+0200'), ('Closed', '2025-11-03T16:50:33.039+0200')]
FIX-0253;None
FIX-0254;[('In Progress', '2025-10-07T12:51:02.231+0300'), ('Ready for Testing', '2025-10-07T12:51:42.433+0300'), ('In Testing', '2025-10-09T08:55:24.526+0300'), ('Closed', '2025-10-09T08:55:26.839+0300')]
FIX-0255;[('In Progress', '2025-11-11T13:54:32.048+0200'), ('Ready for Testing', '2025-11-14T09:52:22.850+0200'), ('In Testing', '2025-12-11T16:13:46.709+0200'), ('In Progress', '2025-12-15T15:55:00.377+0200'), ('Ready for Testing', '2025-12-22T11:00:51.000+0200'), ('In Testing', '2026-03-27T14:39:03.775+0200'), ('Closed', '2026-04-17T10:45:28.546+0300')]
FIX-0256;[]
FIX-0257;None
FIX-0258;[('In Progress', '2025-11-28T10:40:31.666+0200'), ('Ready for Testing', '2025-11-28T10:40:38.945+0200'), ('In Testing', '2025-12-02T14:45:33.165+0200'), ('Closed', '2025-12-02T14:45:37.169+0200')]
FIX-0259;[('In Progress', '2026-02-04T09:24:29.812+0200'), ('Ready for Testing', '2026-02-11T08:44:15.365+0200'), ('In Testing', '2026-02-12T14:21:21.058+0200'), ('Closed', '2026-02-12T14:21:24.493+0200')]
FIX-0260;[('In Progress', '2026-01-15T09:36:42.606+0200'), ('Ready for Testing', '2026-01-15T09:36:46.660+0200'), ('In Testing', '2026-01-19T15:26:11.048+0200'), ('Closed', '2026-01-19T15:29:02.133+0200')]
FIX-0261;[('In Progress', '2025-10-09T13:04:51.684+0300'), ('Ready for Testing', '2025-10-09T13:05:21.044+0300'), ('In Testing', '2025-10-10T16:46:10.896+0300'), ('Closed', '2025-10-10T16:46:13.319+0300')]
FIX-0262;[('In Progress', '2025-10-22T17:26:19.819+0300'), ('Ready for Testing', '2025-10-28T16:01:24.951+0200'), ('In Testing', '2025-11-03T15:30:20.355+0200'), ('Closed', '2025-11-03T15:30:23.072+0200')]
FIX-0263;[('In Progress', '2025-02-27T08:30:27.695+0200'), ('Ready for Testing', '2025-02-27T08:33:34.000+0200'), ('In Testing', '2025-03-19T10:51:11.643+0200'), ('In Progress', '2025-03-19T10:51:14.556+0200'), ('Ready for Testing', '2025-03-21T08:06:18.680+0200'), ('In Testing', '2025-10-10T14:40:48.603+0300'), ('Closed', '2025-10-10T14:40:51.347+0300')]
FIX-0264;[('In Progress', '2025-09-23T15:03:34.597+0300'), ('Ready for Testing', '2025-09-23T15:04:12.688+0300'), ('In Testing', '2025-09-25T13:36:16.454+0300'), ('In Progress', '2025-09-25T13:36:47.894+0300'), ('Ready for Testing', '2025-09-26T16:11:34.435+0300'), ('In Testing', '2025-09-30T09:19:00.276+0300'), ('In Progress', '2025-09-30T09:19:04.279+0300'), ('Ready for Testing', '2025-10-01T12:20:43.151+0300'), ('In Testing', '2025-10-02T07:40:04.903+0300'), ('Closed', '2025-10-02T07:40:09.031+0300')]
FIX-0265;[('In Progress', '2026-03-13T09:58:35.690+0200'), ('Ready for Testing', '2026-03-13T09:58:38.538+0200'), ('In Testing', '2026-03-14T08:51:04.022+0200'), ('Closed', '2026-03-14T08:51:07.816+0200')]
FIX-0266;[('In Progress', '2025-07-04T14:31:46.014+0300'), ('Ready for Testing', '2025-07-04T14:35:36.208+0300'), ('In Testing', '2025-07-16T12:02:39.250+0300'), ('Closed', '2025-07-16T12:02:43.178+0300')]
FIX-0267;None
FIX-0268;[('In Progress', '2025-11-14T14:11:43.317+0200'), ('Ready for Testing', '2025-11-14T14:11:46.588+0200'), ('In Testing', '2025-11-17T16:07:39.816+0200'), ('Closed', '2025-11-17T16:08:40.064+0200')]
FIX-0269;[('In Progress', '2025-11-13T13:06:25.227+0200'), ('Ready for Testing', '2025-11-13T13:28:43.940+0200'), ('In Testing', '2025-11-17T16:06:54.839+0200'), ('Closed', '2025-11-17T16:07:05.946+0200')]
FIX-0270;[('In Progress', '2026-03-27T09:50:21.289+0200'), ('Ready for Testing', '2026-03-27T09:51:47.189+0200'), ('In Testing', '2026-03-30T18:59:48.376+0300'), ('Closed', '2026-03-30T18:59:55.637+0300')]
FIX-0271;None
FIX-0272;[('In Progress', '2025-11-18T08:48:08.963+0200'), ('Ready for Testing', '2025-11-18T08:48:13.590+0200'), ('In Testing', '2025-12-11T16:11:37.594+0200'), ('Closed', '2025-12-15T10:20:06.765+0200')]
FIX-0273;None
FIX-0274;[('In Progress', '2025-10-22T15:17:42.074+0300'), ('Ready for Testing', '2025-10-22T15:19:02.121+0300'), ('In Testing', '2025-10-27T16:32:41.589+0200'), ('Closed', '2025-11-03T16:52:09.833+0200')]
FIX-0275;None
FIX-0276;None
FIX-0277;[('In Progress', '2026-02-13T11:51:11.142+0200'), ('Ready for Testing', '2026-02-13T11:52:48.518+0200'), ('In Testing', '2026-02-13T12:08:57.305+0200'), ('Closed', '2026-03-05T14:58:41.776+0200')]
FIX-0278;None
FIX-0279;[('In Progress', '2026-03-02T13:23:15.920+0200'), ('Ready for Testing', '2026-03-02T13:23:27.260+0200'), ('In Testing', '2026-03-02T15:24:07.574+0200'), ('Closed', '2026-03-02T15:24:11.301+0200')]
FIX-0280;[('In Progress', '2025-10-09T13:08:24.733+0300'), ('Ready for Testing', '2025-10-09T13:08:27.586+0300'), ('In Testing', '2025-10-10T15:35:36.176+0300'), ('Closed', '2025-10-10T15:35:39.192+0300')]
FIX-0281;None
FIX-0282;None
FIX-0283;[('In Progress', '2026-03-03T16:19:46.682+0200'), ('Ready for Testing', '2026-03-03T16:21:04.219+0200'), ('In Testing', '2026-04-09T13:04:55.447+0300'), ('Closed', '2026-04-09T13:04:59.557+0300')]
FIX-0284;[('In Progress', '2025-07-29T13:00:12.857+0300'), ('Ready for Testing', '2025-07-29T13:01:23.457+0300'), ('In Testing', '2025-07-29T13:02:08.039+0300'), ('Closed', '2025-07-29T13:02:11.452+0300')]
FIX-0285;None
FIX-0286;[('In Progress', '2025-09-25T10:16:33.311+0300'), ('Ready for Testing', '2025-09-25T10:16:38.410+0300'), ('In Testing', '2026-01-14T11:32:20.143+0200'), ('Closed', '2026-01-14T11:32:55.252+0200')]
FIX-0287;[('In Progress', '2025-11-12T10:29:43.701+0200'), ('Ready for Testing', '2025-11-12T10:29:46.347+0200'), ('In Testing', '2026-01-23T14:37:16.429+0200'), ('Closed', '2026-01-23T14:37:24.574+0200')]
FIX-0288;None
FIX-0289;None
FIX-0290;[('In Progress', '2025-10-28T16:02:07.947+0200'), ('Ready for Testing', '2025-10-28T16:02:11.342+0200'), ('In Testing', '2025-11-03T15:29:41.018+0200'), ('Closed', '2025-11-03T15:29:45.295+0200')]
FIX-0291;[('In Progress', '2026-03-16T09:07:00.654+0200'), ('Ready for Testing', '2026-03-20T12:59:41.066+0200'), ('In Testing', '2026-03-26T10:58:08.108+0200'), ('Closed', '2026-03-26T10:58:10.908+0200')]
FIX-0292;[('In Progress', '2025-09-04T11:42:23.147+0300'), ('Ready for Testing', '2025-09-05T09:23:07.313+0300'), ('In Testing', '2025-09-17T08:15:47.636+0300'), ('Closed', '2025-09-18T07:54:19.634+0300')]
FIX-0293;[('In Progress', '2025-09-24T08:44:28.592+0300'), ('Ready for Testing', '2025-09-24T08:44:32.283+0300'), ('In Testing', '2025-09-24T15:33:15.910+0300'), ('In Progress', '2025-09-24T15:33:19.022+0300'), ('Ready for Testing', '2025-09-30T10:18:16.694+0300'), ('In Testing', '2025-10-03T13:46:06.066+0300'), ('Closed', '2025-10-03T13:46:09.525+0300')]
FIX-0294;[('In Progress', '2025-12-29T11:16:37.800+0200'), ('Ready for Testing', '2025-12-29T11:17:40.992+0200'), ('In Testing', '2026-01-18T10:29:21.739+0200'), ('Closed', '2026-01-18T10:29:37.338+0200')]
FIX-0295;[('In Progress', '2025-12-16T11:54:17.005+0200'), ('Ready for Testing', '2025-12-16T11:54:32.177+0200'), ('In Testing', '2026-01-07T12:38:54.040+0200'), ('Closed', '2026-01-07T12:39:31.532+0200')]
FIX-0296;[('In Progress', '2026-01-16T11:01:14.026+0200'), ('Ready for Testing', '2026-01-16T11:01:17.625+0200'), ('In Testing', '2026-01-19T10:04:46.468+0200'), ('Closed', '2026-01-19T10:04:48.917+0200')]
FIX-0297;None
FIX-0298;[('In Progress', '2026-01-05T11:32:05.666+0200'), ('Ready for Testing', '2026-01-07T10:14:45.498+0200'), ('In Testing', '2026-01-19T09:17:23.323+0200'), ('Closed', '2026-01-19T09:17:27.132+0200')]
FIX-0299;[('In Progress', '2025-12-22T12:08:51.163+0200'), ('Ready for Testing', '2025-12-23T10:09:40.843+0200'), ('In Testing', '2025-12-23T11:42:07.602+0200'), ('In Progress', '2025-12-23T11:42:12.575+0200'), ('Ready for Testing', '2026-02-19T13:27:54.970+0200'), ('In Testing', '2026-02-23T11:37:23.178+0200'), ('Closed', '2026-02-23T13:03:54.148+0200'), ('In Testing', '2026-02-24T08:32:00.185+0200'), ('Closed', '2026-02-27T07:46:15.491+0200')]
FIX-0300;[('In Progress', '2026-03-05T09:40:43.418+0200'), ('Ready for Testing', '2026-03-05T09:40:48.200+0200'), ('In Testing', '2026-03-11T15:24:08.448+0200'), ('Closed', '2026-03-11T15:24:11.136+0200')]
FIX-0301;[('In Progress', '2025-12-17T09:03:51.068+0200'), ('Ready for Testing', '2025-12-17T09:03:54.877+0200'), ('In Testing', '2025-12-18T15:17:17.029+0200'), ('Closed', '2025-12-18T15:17:19.912+0200')]
FIX-0302;None
FIX-0303;None
FIX-0304;[('In Progress', '2025-03-20T16:32:40.682+0200'), ('Ready for Testing', '2025-05-23T14:01:50.690+0300'), ('In Testing', '2025-10-13T17:40:04.142+0300'), ('Closed', '2025-10-21T15:55:33.571+0300')]
FIX-0305;None
FIX-0306;None
FIX-0307;[('In Progress', '2026-02-23T12:00:59.544+0200'), ('Ready for Testing', '2026-02-24T13:47:12.954+0200'), ('In Testing', '2026-02-26T13:30:43.118+0200'), ('Closed', '2026-02-26T13:30:47.167+0200'), ('In Testing', '2026-02-26T13:30:53.267+0200'), ('Closed', '2026-02-26T13:30:56.319+0200')]
FIX-0308;[('In Progress', '2025-08-28T14:18:50.876+0300'), ('Ready for Testing', '2025-08-28T14:23:19.003+0300'), ('In Testing', '2025-08-29T14:11:52.342+0300'), ('In Progress', '2025-08-29T14:11:55.253+0300'), ('Ready for Testing', '2025-09-08T08:29:00.727+0300'), ('In Testing', '2025-09-11T10:06:21.903+0300'), ('Closed', '2025-09-11T10:50:10.302+0300')]
FIX-0309;[('In Progress', '2025-10-03T09:15:39.898+0300'), ('Ready for Testing', '2025-10-03T09:15:45.673+0300'), ('In Testing', '2025-10-03T11:36:30.526+0300'), ('Closed', '2025-10-03T11:58:45.375+0300')]
FIX-0310;[('In Progress', '2026-01-09T16:40:07.919+0200'), ('Ready for Testing', '2026-01-09T16:40:10.265+0200'), ('In Testing', '2026-01-12T09:10:20.116+0200'), ('Closed', '2026-01-12T16:27:18.533+0200')]
FIX-0311;[('In Progress', '2025-02-11T06:01:11.660+0200'), ('Ready for Testing', '2025-02-11T06:01:58.444+0200'), ('In Testing', '2025-10-10T10:49:12.319+0300'), ('In Progress', '2025-10-10T11:25:54.047+0300'), ('Ready for Testing', '2025-10-15T14:46:07.274+0300'), ('In Testing', '2025-11-06T09:21:40.194+0200'), ('Closed', '2025-11-06T09:21:43.745+0200')]
FIX-0312;[('In Progress', '2025-05-19T08:14:07.050+0300'), ('Ready for Testing', '2025-05-19T08:14:14.173+0300'), ('In Testing', '2025-11-06T09:50:53.525+0200'), ('In Progress', '2025-11-06T09:50:56.231+0200'), ('Ready for Testing', '2025-11-11T09:13:38.094+0200'), ('In Testing', '2025-11-11T09:13:40.797+0200'), ('Closed', '2025-11-11T09:13:43.086+0200')]
FIX-0313;[('In Progress', '2025-04-04T15:35:27.528+0300'), ('Ready for Testing', '2025-04-04T15:35:31.982+0300'), ('In Testing', '2025-09-30T17:52:35.150+0300'), ('In Progress', '2025-09-30T17:52:38.401+0300'), ('Ready for Testing', '2025-10-09T13:05:44.601+0300'), ('In Testing', '2025-10-10T16:45:56.112+0300'), ('Closed', '2025-10-10T16:45:59.015+0300')]
FIX-0314;[('In Progress', '2025-09-29T11:51:15.467+0300'), ('Ready for Testing', '2025-09-29T11:51:22.657+0300'), ('In Testing', '2025-10-20T10:21:45.397+0300'), ('Closed', '2025-10-20T10:21:49.522+0300')]
FIX-0315;[('In Progress', '2026-03-16T11:59:13.679+0200'), ('Ready for Testing', '2026-03-16T11:59:53.893+0200'), ('In Testing', '2026-03-20T12:09:07.831+0200'), ('Closed', '2026-03-20T12:09:12.699+0200')]
FIX-0316;[('In Progress', '2026-03-16T07:06:40.416+0200'), ('Ready for Testing', '2026-03-20T13:07:44.706+0200'), ('In Testing', '2026-03-26T10:57:56.710+0200'), ('Closed', '2026-03-26T10:58:00.021+0200')]
FIX-0317;[('In Progress', '2025-06-17T08:55:36.442+0300'), ('Ready for Testing', '2025-06-17T08:57:20.743+0300'), ('In Testing', '2025-06-23T10:41:32.561+0300'), ('In Progress', '2025-06-23T11:07:36.969+0300'), ('Ready for Testing', '2025-08-20T10:06:26.003+0300'), ('In Testing', '2025-08-28T15:07:33.400+0300'), ('Closed', '2025-08-28T15:07:38.794+0300')]
FIX-0318;[('In Progress', '2026-03-02T10:54:55.630+0200'), ('Ready for Testing', '2026-03-09T10:39:20.816+0200'), ('In Testing', '2026-03-10T09:14:12.255+0200'), ('Closed', '2026-03-16T08:43:30.476+0200')]
FIX-0319;None
FIX-0320;None
FIX-0321;[('In Progress', '2025-12-17T09:07:49.272+0200'), ('Ready for Testing', '2025-12-17T09:07:53.109+0200'), ('In Testing', '2025-12-18T15:16:53.014+0200'), ('Closed', '2025-12-18T15:16:56.327+0200')]
FIX-0322;[('In Progress', '2025-07-29T09:50:04.181+0300'), ('Ready for Testing', '2025-07-29T09:50:07.585+0300'), ('In Testing', '2025-07-29T13:04:28.833+0300'), ('Closed', '2025-07-29T13:04:31.642+0300')]
FIX-0323;[('In Progress', '2025-11-06T14:51:56.637+0200'), ('Ready for Testing', '2025-11-07T10:29:54.909+0200'), ('In Testing', '2025-11-17T10:56:12.968+0200'), ('Closed', '2025-11-17T11:02:32.181+0200')]
FIX-0324;[('In Progress', '2025-10-22T15:43:21.608+0300'), ('Ready for Testing', '2025-10-23T12:59:39.081+0300'), ('In Testing', '2026-03-17T15:03:34.708+0200'), ('Closed', '2026-03-17T15:10:54.996+0200')]
FIX-0325;[('In Progress', '2025-09-22T10:45:03.452+0300'), ('Ready for Testing', '2025-09-22T10:45:11.014+0300'), ('In Testing', '2025-09-25T14:00:25.083+0300'), ('In Progress', '2025-09-25T14:00:27.825+0300'), ('Ready for Testing', '2025-09-25T14:58:13.408+0300'), ('In Testing', '2025-09-26T12:47:20.530+0300'), ('Closed', '2025-09-26T12:47:25.315+0300')]
FIX-0326;[('In Progress', '2026-01-30T10:39:15.376+0200'), ('Ready for Testing', '2026-01-30T10:39:23.316+0200'), ('In Testing', '2026-01-30T11:07:51.578+0200'), ('Closed', '2026-01-30T11:08:30.356+0200')]
FIX-0327;[('In Progress', '2025-08-26T16:54:29.433+0300'), ('Ready for Testing', '2025-08-26T16:55:11.192+0300'), ('In Testing', '2025-08-26T16:55:17.593+0300'), ('Closed', '2025-08-26T16:55:25.042+0300')]
FIX-0328;None
FIX-0329;[('In Progress', '2025-04-15T14:57:39.376+0300'), ('Ready for Testing', '2025-04-15T14:59:34.088+0300'), ('In Testing', '2025-06-09T10:45:25.007+0300'), ('Closed', '2025-06-09T10:45:27.782+0300')]
FIX-0330;[('In Progress', '2025-10-01T09:29:31.870+0300'), ('Ready for Testing', '2025-10-03T17:03:47.011+0300'), ('In Testing', '2025-11-08T12:56:15.102+0200'), ('In Progress', '2025-11-08T12:56:22.311+0200'), ('Ready for Testing', '2025-11-14T14:25:35.011+0200'), ('In Testing', '2025-11-25T08:24:10.989+0200'), ('Closed', '2025-11-25T08:24:14.176+0200')]
FIX-0331;[('In Progress', '2025-06-13T14:04:56.888+0300'), ('Ready for Testing', '2025-06-16T07:35:01.451+0300'), ('In Testing', '2025-06-17T09:29:26.833+0300'), ('Closed', '2025-06-17T09:29:29.641+0300')]
FIX-0332;[('In Progress', '2025-08-13T13:16:14.062+0300'), ('Ready for Testing', '2025-08-14T12:24:09.107+0300'), ('In Testing', '2025-08-29T15:38:28.149+0300'), ('In Progress', '2025-08-29T15:38:34.474+0300'), ('Ready for Testing', '2025-09-09T14:47:27.930+0300'), ('In Testing', '2025-09-17T14:51:34.846+0300'), ('Closed', '2025-09-17T14:53:11.812+0300')]
FIX-0333;[('In Progress', '2025-10-07T11:43:10.225+0300'), ('Ready for Testing', '2025-10-07T11:43:14.954+0300'), ('In Testing', '2025-10-08T13:14:45.233+0300'), ('Closed', '2025-11-10T14:35:24.139+0200'), ('In Testing', '2025-11-10T14:38:31.930+0200'), ('Closed', '2025-11-10T14:38:35.272+0200')]
FIX-0334;[('In Progress', '2025-10-08T08:29:33.304+0300'), ('Ready for Testing', '2025-10-08T17:45:55.355+0300'), ('In Testing', '2025-10-09T15:36:09.806+0300'), ('Closed', '2025-10-09T15:36:12.662+0300')]
FIX-0335;[('In Progress', '2025-11-05T12:34:58.462+0200'), ('Ready for Testing', '2025-11-11T10:34:02.501+0200'), ('In Testing', '2025-11-17T14:47:55.745+0200'), ('Closed', '2025-11-17T14:59:15.951+0200')]
FIX-0336;[('In Progress', '2025-07-10T17:38:54.872+0300'), ('Ready for Testing', '2025-07-10T17:39:18.529+0300'), ('In Testing', '2025-07-11T15:41:35.845+0300'), ('Closed', '2025-07-11T15:41:39.415+0300'), ('In Testing', '2025-07-11T15:41:42.206+0300'), ('In Progress', '2025-07-11T15:41:45.504+0300'), ('Ready for Testing', '2025-07-23T09:03:29.543+0300'), ('In Testing', '2025-08-07T13:44:51.626+0300'), ('Closed', '2025-08-07T13:44:56.811+0300'), ('In Testing', '2025-08-20T10:08:11.331+0300'), ('Closed', '2025-09-05T14:15:15.216+0300')]
FIX-0337;[('In Progress', '2025-12-18T10:20:26.860+0200'), ('Ready for Testing', '2025-12-19T08:00:15.938+0200'), ('In Testing', '2026-03-10T13:51:37.532+0200'), ('Closed', '2026-03-10T13:54:20.775+0200')]
FIX-0338;[('In Progress', '2025-02-13T11:31:44.526+0200'), ('Ready for Testing', '2025-02-14T13:16:18.772+0200'), ('In Testing', '2025-11-04T10:17:45.396+0200'), ('Closed', '2025-11-04T10:17:52.965+0200')]
FIX-0339;None
FIX-0340;[('In Progress', '2026-01-30T11:17:30.018+0200'), ('Ready for Testing', '2026-01-30T11:17:34.164+0200'), ('In Testing', '2026-02-01T16:26:38.314+0200'), ('Closed', '2026-02-01T16:26:42.128+0200')]
FIX-0341;[('In Progress', '2026-02-11T08:51:37.258+0200'), ('Ready for Testing', '2026-02-11T12:24:26.231+0200'), ('In Testing', '2026-02-12T14:21:40.298+0200'), ('Closed', '2026-02-12T14:21:43.607+0200')]
FIX-0342;[('In Progress', '2025-07-01T10:09:30.638+0300'), ('Ready for Testing', '2025-07-01T10:26:35.461+0300'), ('In Testing', '2025-07-09T12:02:54.225+0300'), ('Closed', '2025-07-09T12:02:57.616+0300')]
FIX-0343;[('In Progress', '2026-03-26T15:28:46.315+0200'), ('Ready for Testing', '2026-03-26T15:28:50.405+0200'), ('In Testing', '2026-03-30T09:48:17.037+0300'), ('Closed', '2026-03-30T09:48:20.811+0300')]
FIX-0344;None
FIX-0345;[('In Progress', '2024-08-23T13:36:36.171+0300'), ('Ready for Testing', '2024-08-23T13:45:49.563+0300'), ('In Testing', '2024-11-07T10:42:34.465+0200'), ('In Progress', '2024-11-07T10:42:40.451+0200'), ('Ready for Testing', '2025-01-13T10:26:54.527+0200'), ('In Testing', '2025-09-27T13:26:10.299+0300'), ('Closed', '2025-09-27T13:26:13.389+0300')]
FIX-0346;[('In Progress', '2025-07-04T10:08:29.307+0300'), ('Ready for Testing', '2025-07-04T10:11:12.317+0300'), ('In Testing', '2025-07-10T17:12:50.351+0300'), ('Closed', '2025-07-10T17:12:52.991+0300')]
FIX-0347;[('In Progress', '2026-03-26T11:07:44.769+0200'), ('Ready for Testing', '2026-03-26T11:07:52.625+0200'), ('In Testing', '2026-04-15T11:56:33.666+0300'), ('Closed', '2026-04-15T11:56:36.024+0300')]
FIX-0348;[('Closed', '2025-06-23T10:04:01.113+0300')]
FIX-0349;[('In Progress', '2025-06-16T13:20:16.135+0300'), ('Ready for Testing', '2025-06-18T15:18:09.874+0300'), ('In Testing', '2025-06-23T14:45:38.594+0300'), ('In Progress', '2025-06-23T14:45:43.555+0300'), ('Ready for Testing', '2025-07-04T10:14:00.397+0300'), ('In Testing', '2025-07-10T17:12:23.443+0300'), ('Closed', '2025-07-10T17:12:27.174+0300')]
FIX-0350;[('In Progress', '2025-05-02T10:46:18.650+0300'), ('Ready for Testing', '2025-05-02T10:56:00.834+0300'), ('In Testing', '2025-09-03T15:16:06.158+0300'), ('Closed', '2025-09-05T09:17:35.047+0300')]
FIX-0351;[('In Progress', '2025-04-04T15:31:42.660+0300'), ('Ready for Testing', '2025-04-04T15:35:44.282+0300'), ('In Testing', '2025-10-01T12:34:54.150+0300'), ('In Progress', '2025-10-01T12:34:58.392+0300'), ('Ready for Testing', '2025-10-09T13:06:59.543+0300'), ('In Testing', '2025-10-10T15:35:08.008+0300'), ('Closed', '2025-10-10T15:35:10.630+0300')]
FIX-0352;None
FIX-0353;[('In Progress', '2025-10-14T13:42:42.886+0300'), ('Ready for Testing', '2025-10-14T13:45:19.494+0300'), ('In Testing', '2025-10-16T12:47:23.124+0300'), ('Closed', '2025-10-16T12:49:12.935+0300')]
FIX-0354;[('In Progress', '2025-07-04T10:37:57.039+0300'), ('Ready for Testing', '2025-07-04T13:45:33.923+0300'), ('In Testing', '2025-08-05T15:13:14.481+0300'), ('Closed', '2025-08-05T15:13:17.287+0300')]
FIX-0355;[('In Progress', '2025-10-20T14:38:25.696+0300'), ('Ready for Testing', '2025-10-23T15:30:11.778+0300'), ('In Testing', '2025-11-19T08:56:08.159+0200'), ('In Progress', '2025-11-19T08:56:18.115+0200'), ('Ready for Testing', '2025-11-19T09:11:17.499+0200'), ('In Testing', '2025-11-19T09:11:20.404+0200'), ('Closed', '2025-11-19T09:11:23.396+0200')]
FIX-0356;[('In Progress', '2025-07-08T13:40:33.166+0300'), ('Ready for Testing', '2025-07-08T13:42:20.564+0300'), ('In Testing', '2025-07-09T12:02:29.567+0300'), ('Closed', '2025-07-09T12:02:33.906+0300'), ('In Testing', '2025-07-10T14:54:14.126+0300'), ('In Progress', '2025-07-10T14:58:15.497+0300'), ('Ready for Testing', '2025-07-10T14:58:19.897+0300'), ('In Testing', '2025-07-10T15:49:13.604+0300'), ('Closed', '2025-07-10T15:52:05.061+0300')]
FIX-0357;None
FIX-0358;[('In Progress', '2025-09-15T14:03:02.968+0300'), ('Ready for Testing', '2025-09-15T14:04:33.825+0300'), ('In Testing', '2025-10-13T17:10:30.108+0300'), ('Closed', '2025-10-13T17:10:33.435+0300')]
FIX-0359;[('In Progress', '2026-03-03T14:21:48.773+0200'), ('Closed', '2026-03-03T14:21:57.705+0200'), ('In Testing', '2026-03-03T15:25:14.850+0200'), ('Closed', '2026-04-01T11:14:19.876+0300')]
FIX-0360;[('Closed', '2025-11-05T12:24:24.224+0200')]
FIX-0361;[('In Progress', '2025-12-02T08:45:47.711+0200'), ('Ready for Testing', '2025-12-02T08:45:59.610+0200'), ('In Testing', '2025-12-02T08:46:03.462+0200'), ('Closed', '2025-12-02T08:46:07.710+0200')]
FIX-0362;[('In Progress', '2025-08-21T13:18:25.463+0300'), ('Ready for Testing', '2025-08-21T13:18:30.976+0300'), ('In Testing', '2025-08-22T16:02:35.644+0300'), ('Closed', '2025-08-22T16:02:38.543+0300')]
FIX-0363;[('In Progress', '2025-09-25T10:13:17.063+0300'), ('Ready for Testing', '2025-09-25T10:13:36.624+0300'), ('In Testing', '2025-09-25T14:00:16.817+0300'), ('In Progress', '2025-09-25T14:00:19.640+0300'), ('Ready for Testing', '2025-09-25T14:58:03.102+0300'), ('In Testing', '2025-09-26T12:47:41.186+0300'), ('Closed', '2025-09-26T12:47:44.281+0300')]
FIX-0364;None
FIX-0365;None
FIX-0366;[('In Progress', '2024-12-13T14:22:17.324+0200'), ('Ready for Testing', '2024-12-13T14:22:20.550+0200'), ('In Testing', '2025-09-24T12:02:13.022+0300'), ('Closed', '2025-09-24T12:02:20.968+0300')]
FIX-0367;[('In Progress', '2024-11-27T10:40:57.719+0200'), ('Ready for Testing', '2024-11-27T10:50:04.777+0200'), ('In Testing', '2025-09-08T14:30:50.946+0300'), ('Closed', '2025-09-08T14:30:54.366+0300')]
FIX-0368;None
FIX-0369;None
FIX-0370;None
FIX-0371;[('In Progress', '2026-02-02T11:41:54.254+0200'), ('Ready for Testing', '2026-02-02T11:41:58.820+0200'), ('In Testing', '2026-02-09T08:51:21.727+0200'), ('Closed', '2026-02-09T08:51:24.696+0200')]
FIX-0372;[('In Progress', '2025-08-14T08:53:36.555+0300'), ('Ready for Testing', '2025-08-14T08:56:05.072+0300'), ('In Testing', '2025-08-20T09:23:39.548+0300'), ('Closed', '2025-08-20T09:23:53.608+0300')]
FIX-0373;None
FIX-0374;None
FIX-0375;[('In Progress', '2025-10-30T11:06:25.260+0200'), ('Ready for Testing', '2025-10-30T11:06:28.895+0200'), ('In Testing', '2025-11-11T16:19:58.408+0200'), ('In Progress', '2025-11-11T16:20:03.369+0200'), ('Ready for Testing', '2025-11-13T14:27:07.409+0200'), ('In Testing', '2025-11-19T08:56:36.865+0200'), ('In Progress', '2025-11-19T08:56:43.885+0200'), ('Ready for Testing', '2025-11-19T09:11:01.078+0200'), ('In Testing', '2025-11-19T09:11:04.534+0200'), ('Closed', '2025-11-19T09:11:13.282+0200')]
FIX-0376;[('In Progress', '2025-12-05T10:23:09.594+0200'), ('Ready for Testing', '2025-12-05T10:27:03.057+0200'), ('In Testing', '2025-12-05T13:27:29.016+0200'), ('Closed', '2025-12-05T13:27:31.787+0200')]
FIX-0377;[('In Progress', '2025-06-25T11:33:21.791+0300'), ('Ready for Testing', '2025-06-25T11:33:27.485+0300'), ('In Testing', '2025-06-26T09:48:28.851+0300'), ('Closed', '2025-06-26T09:48:31.823+0300')]
FIX-0378;[('In Progress', '2026-01-21T12:49:39.400+0200'), ('Ready for Testing', '2026-01-21T12:49:54.152+0200'), ('In Testing', '2026-02-12T22:33:54.033+0200'), ('Closed', '2026-02-12T22:33:57.814+0200')]
FIX-0379;[('In Progress', '2025-08-22T14:40:23.250+0300'), ('Ready for Testing', '2025-09-01T13:10:25.441+0300'), ('In Testing', '2025-09-03T11:00:33.234+0300'), ('Closed', '2025-09-03T11:00:37.528+0300')]
FIX-0380;[('In Progress', '2026-01-26T14:16:44.696+0200'), ('Ready for Testing', '2026-01-30T12:42:58.558+0200'), ('In Testing', '2026-02-05T22:15:30.136+0200'), ('Closed', '2026-02-05T22:15:33.317+0200')]
FIX-0381;[('In Progress', '2025-10-05T10:31:37.591+0300'), ('Ready for Testing', '2025-10-05T10:31:42.723+0300')]
FIX-0382;[('In Progress', '2026-02-26T16:33:06.850+0200'), ('Ready for Testing', '2026-02-26T16:33:12.354+0200'), ('In Testing', '2026-03-06T09:33:50.495+0200'), ('Closed', '2026-03-06T09:33:54.328+0200')]
FIX-0383;None
FIX-0384;[('In Progress', '2025-11-12T08:50:57.929+0200'), ('Ready for Testing', '2025-11-12T08:51:22.848+0200'), ('In Testing', '2025-11-18T13:43:38.621+0200'), ('In Progress', '2025-11-18T13:43:40.921+0200'), ('Ready for Testing', '2025-12-02T14:12:12.480+0200'), ('In Testing', '2025-12-03T14:53:52.022+0200'), ('Closed', '2025-12-03T14:53:55.022+0200')]
FIX-0385;[('In Progress', '2026-03-11T09:09:23.419+0200'), ('Ready for Testing', '2026-03-11T09:09:29.272+0200'), ('In Testing', '2026-03-19T15:48:02.223+0200'), ('Closed', '2026-03-19T15:48:04.369+0200')]
FIX-0386;[('In Progress', '2025-01-20T09:57:41.826+0200'), ('Ready for Testing', '2025-01-20T10:08:08.727+0200'), ('In Testing', '2025-01-22T09:32:49.996+0200'), ('Closed', '2025-01-22T09:32:58.770+0200')]
FIX-0387;[('In Progress', '2025-09-23T09:45:47.333+0300'), ('Ready for Testing', '2025-09-23T09:45:49.948+0300'), ('In Testing', '2025-09-25T07:46:17.411+0300'), ('Closed', '2025-09-25T07:46:21.452+0300')]
FIX-0388;None
FIX-0389;None
FIX-0390;None
FIX-0391;[('In Progress', '2025-11-18T14:52:19.380+0200'), ('Ready for Testing', '2025-11-19T13:57:43.742+0200'), ('In Testing', '2025-11-21T10:08:42.218+0200'), ('Closed', '2025-11-21T10:08:47.000+0200')]
FIX-0392;[('In Progress', '2025-06-17T11:08:05.180+0300'), ('Ready for Testing', '2025-06-18T14:11:12.759+0300'), ('In Testing', '2025-06-23T14:46:02.074+0300'), ('In Progress', '2025-06-23T14:46:05.112+0300'), ('Ready for Testing', '2025-07-04T10:12:32.899+0300'), ('In Testing', '2025-07-10T17:12:37.808+0300'), ('Closed', '2025-07-10T17:12:40.184+0300')]
FIX-0393;[('In Progress', '2025-02-20T15:05:21.303+0200'), ('Ready for Testing', '2025-02-20T15:05:26.390+0200'), ('In Testing', '2025-10-17T13:51:39.727+0300'), ('Closed', '2025-10-17T13:51:42.663+0300')]
FIX-0394;[('In Progress', '2025-08-27T11:27:06.448+0300'), ('Ready for Testing', '2025-09-04T18:10:40.603+0300'), ('In Testing', '2026-03-04T14:39:47.415+0200'), ('Closed', '2026-03-04T14:39:50.305+0200')]
FIX-0395;[('In Progress', '2025-08-13T13:04:28.581+0300'), ('Ready for Testing', '2025-08-14T14:45:31.196+0300'), ('In Testing', '2025-08-20T15:08:52.368+0300'), ('In Progress', '2025-08-20T15:08:55.033+0300'), ('Ready for Testing', '2025-08-29T09:14:53.583+0300'), ('In Testing', '2025-09-12T12:00:19.555+0300'), ('Closed', '2025-09-12T12:00:23.037+0300')]
FIX-0396;[('In Progress', '2025-03-06T11:10:03.657+0200'), ('Ready for Testing', '2025-03-07T08:27:07.414+0200'), ('In Testing', '2026-02-23T14:14:43.458+0200'), ('Closed', '2026-02-23T14:15:03.666+0200')]
FIX-0397;[('In Progress', '2025-02-25T08:31:35.828+0200'), ('Ready for Testing', '2025-02-25T08:35:47.362+0200'), ('In Testing', '2025-03-19T10:51:39.147+0200'), ('In Progress', '2025-03-19T10:51:44.592+0200'), ('Ready for Testing', '2025-10-10T14:37:27.499+0300'), ('In Testing', '2025-10-10T14:40:04.643+0300'), ('Closed', '2025-10-10T14:40:08.616+0300')]
FIX-0398;None
FIX-0399;[('In Progress', '2025-06-30T13:43:40.706+0300'), ('Ready for Testing', '2025-07-01T13:17:59.319+0300'), ('In Testing', '2025-08-27T15:48:28.543+0300'), ('In Progress', '2025-08-27T15:48:32.283+0300'), ('Ready for Testing', '2025-09-05T09:27:41.604+0300'), ('In Testing', '2025-09-05T14:48:27.899+0300'), ('Closed', '2025-09-05T14:48:31.082+0300')]
FIX-0400;[('In Progress', '2025-11-18T14:28:27.083+0200'), ('Ready for Testing', '2025-11-18T14:28:35.610+0200'), ('In Testing', '2025-11-21T10:30:41.927+0200'), ('In Progress', '2025-11-21T10:30:47.970+0200'), ('Ready for Testing', '2025-12-02T14:23:25.327+0200'), ('In Testing', '2025-12-08T11:18:27.439+0200'), ('Closed', '2025-12-08T11:18:36.354+0200')]
FIX-0401;None
FIX-0402;[('In Progress', '2025-11-12T10:55:35.743+0200'), ('Ready for Testing', '2025-11-14T15:20:44.419+0200'), ('In Testing', '2025-11-25T08:21:28.291+0200'), ('Closed', '2025-11-25T08:21:32.475+0200')]
FIX-0403;[('In Progress', '2026-03-19T10:31:26.490+0200'), ('Ready for Testing', '2026-03-19T11:14:58.311+0200'), ('In Testing', '2026-03-31T14:06:02.962+0300'), ('Closed', '2026-03-31T14:13:49.070+0300')]
FIX-0404;[('In Progress', '2026-02-23T11:34:48.759+0200'), ('Ready for Testing', '2026-02-23T11:34:53.552+0200'), ('In Testing', '2026-02-23T11:35:19.538+0200'), ('Closed', '2026-02-23T11:35:25.681+0200'), ('In Testing', '2026-02-23T11:35:29.853+0200'), ('Closed', '2026-02-23T11:35:50.956+0200')]
FIX-0405;[('In Progress', '2025-12-17T09:06:08.673+0200'), ('Ready for Testing', '2025-12-17T09:06:12.147+0200'), ('In Testing', '2025-12-18T15:17:01.998+0200'), ('Closed', '2025-12-18T15:17:04.033+0200')]
FIX-0406;[('In Progress', '2026-02-11T07:34:19.406+0200'), ('Ready for Testing', '2026-02-11T07:34:33.645+0200'), ('In Testing', '2026-02-13T08:02:02.318+0200'), ('Closed', '2026-02-13T08:02:05.988+0200')]
FIX-0407;None
FIX-0408;[('In Progress', '2025-10-08T17:16:32.039+0300'), ('Ready for Testing', '2025-10-08T17:20:45.936+0300'), ('In Testing', '2025-10-09T15:36:28.691+0300'), ('Closed', '2025-10-09T15:36:31.694+0300')]
FIX-0409;[('In Progress', '2025-10-29T15:19:27.125+0200'), ('Ready for Testing', '2025-10-29T15:19:30.477+0200'), ('In Testing', '2025-10-30T09:05:06.433+0200'), ('In Progress', '2025-10-30T09:05:08.926+0200'), ('Ready for Testing', '2025-10-31T10:14:37.425+0200'), ('In Testing', '2025-10-31T12:37:33.054+0200'), ('Closed', '2025-10-31T12:37:35.573+0200')]
FIX-0410;[('In Progress', '2025-12-05T10:30:52.509+0200'), ('Ready for Testing', '2025-12-05T10:32:05.465+0200'), ('In Testing', '2025-12-08T11:18:54.420+0200'), ('Closed', '2025-12-08T11:19:31.396+0200')]
FIX-0411;None
FIX-0412;[('In Progress', '2025-05-28T08:51:02.598+0300'), ('Ready for Testing', '2025-05-28T08:51:06.418+0300'), ('In Testing', '2025-05-28T15:56:07.763+0300'), ('In Progress', '2025-05-28T15:56:11.873+0300'), ('Ready for Testing', '2025-06-05T13:17:08.941+0300'), ('In Testing', '2025-06-05T15:00:58.036+0300'), ('Closed', '2025-06-05T16:27:26.365+0300')]
FIX-0413;[('In Progress', '2025-10-07T11:42:48.925+0300'), ('Ready for Testing', '2025-10-07T11:42:52.750+0300'), ('In Testing', '2025-10-08T13:14:41.106+0300'), ('Closed', '2025-11-10T14:35:10.295+0200'), ('In Testing', '2025-11-10T14:36:14.639+0200'), ('Closed', '2025-11-10T14:36:29.824+0200')]
FIX-0414;None
FIX-0415;[('In Progress', '2025-10-30T14:29:36.188+0200'), ('Ready for Testing', '2025-10-30T14:29:40.688+0200'), ('In Testing', '2025-11-19T08:57:10.373+0200'), ('In Progress', '2025-11-19T08:57:18.873+0200'), ('Ready for Testing', '2025-11-19T09:10:46.440+0200'), ('In Testing', '2025-11-19T09:10:51.639+0200'), ('Closed', '2025-11-19T09:10:57.550+0200')]
FIX-0416;[('In Progress', '2025-12-30T11:54:25.865+0200'), ('Ready for Testing', '2025-12-30T11:55:19.791+0200'), ('In Testing', '2025-12-31T16:02:30.995+0200'), ('In Progress', '2025-12-31T16:04:16.519+0200'), ('Ready for Testing', '2026-01-21T08:49:52.430+0200'), ('In Testing', '2026-01-22T11:38:04.714+0200'), ('Closed', '2026-01-22T11:38:07.577+0200')]
FIX-0417;[('In Progress', '2026-01-07T09:14:48.869+0200'), ('Ready for Testing', '2026-01-07T09:14:55.622+0200'), ('In Testing', '2026-01-07T16:07:23.516+0200'), ('Closed', '2026-01-07T16:07:26.610+0200')]
FIX-0418;[('In Progress', '2025-07-02T14:52:50.469+0300'), ('Ready for Testing', '2025-07-02T14:52:55.549+0300'), ('In Testing', '2025-07-02T16:20:37.577+0300'), ('Closed', '2025-07-02T16:20:40.229+0300')]
FIX-0419;[('In Progress', '2025-01-17T11:33:13.812+0200'), ('Ready for Testing', '2025-01-17T11:56:44.119+0200'), ('In Testing', '2026-01-15T14:25:02.189+0200'), ('Closed', '2026-01-15T14:25:05.317+0200')]
FIX-0420;None
FIX-0421;[('In Progress', '2025-11-27T12:00:47.486+0200'), ('Ready for Testing', '2025-11-27T14:56:26.324+0200'), ('In Testing', '2026-01-19T09:54:37.774+0200'), ('Closed', '2026-01-19T09:54:40.996+0200')]
FIX-0422;[('In Progress', '2026-02-26T15:17:59.052+0200'), ('Ready for Testing', '2026-02-26T15:18:29.786+0200'), ('In Testing', '2026-02-26T16:13:11.439+0200'), ('Closed', '2026-03-02T08:51:59.730+0200')]
FIX-0423;[('Closed', '2025-11-05T12:23:51.179+0200')]
FIX-0424;[('In Progress', '2025-07-04T09:12:22.990+0300'), ('Closed', '2026-01-20T10:27:31.606+0200'), ('In Testing', '2026-01-20T10:27:37.731+0200'), ('In Progress', '2026-02-12T16:13:52.298+0200'), ('Ready for Testing', '2026-03-04T12:58:47.211+0200'), ('In Testing', '2026-03-19T15:47:32.348+0200'), ('Closed', '2026-03-19T15:47:37.043+0200')]
FIX-0425;[('In Progress', '2025-10-01T15:14:44.883+0300'), ('Ready for Testing', '2025-10-01T15:14:48.318+0300'), ('In Testing', '2025-10-03T09:18:05.537+0300'), ('In Progress', '2025-10-03T09:18:08.036+0300'), ('Ready for Testing', '2025-10-03T12:32:21.812+0300'), ('In Testing', '2025-10-03T12:32:24.176+0300'), ('Closed', '2025-10-03T12:32:27.515+0300')]
FIX-0426;[('Closed', '2026-02-13T12:09:19.475+0200')]
FIX-0427;[('In Progress', '2025-09-11T10:16:49.040+0300'), ('Ready for Testing', '2025-09-11T10:17:52.309+0300'), ('In Testing', '2025-09-25T13:56:08.043+0300'), ('Closed', '2025-09-25T13:56:10.283+0300')]
FIX-0428;[('In Progress', '2025-03-26T09:59:58.861+0200'), ('Ready for Testing', '2025-04-04T10:55:18.416+0300'), ('In Testing', '2025-04-11T14:28:51.204+0300'), ('Closed', '2025-04-11T14:28:57.155+0300')]
FIX-0429;None
FIX-0430;[('In Progress', '2025-04-22T12:21:36.605+0300'), ('Ready for Testing', '2025-04-25T14:12:27.307+0300'), ('In Testing', '2025-06-06T14:12:13.291+0300'), ('Closed', '2025-06-06T14:12:17.616+0300')]
FIX-0431;[('In Progress', '2025-08-12T07:41:56.606+0300'), ('Ready for Testing', '2025-08-14T15:00:48.427+0300'), ('In Testing', '2025-08-20T15:08:44.533+0300'), ('In Progress', '2025-08-20T15:08:47.776+0300'), ('Ready for Testing', '2025-08-29T09:11:54.901+0300'), ('In Testing', '2025-09-12T12:00:46.561+0300'), ('Closed', '2025-09-12T12:00:49.982+0300')]
FIX-0432;[('In Progress', '2026-02-13T11:55:48.052+0200'), ('Ready for Testing', '2026-02-13T16:16:30.076+0200'), ('In Testing', '2026-02-26T12:15:28.892+0200'), ('Closed', '2026-02-26T12:15:31.801+0200')]
FIX-0433;[('In Progress', '2024-12-13T14:20:07.783+0200'), ('Ready for Testing', '2024-12-13T14:20:11.269+0200'), ('In Testing', '2025-09-05T12:23:03.789+0300'), ('Closed', '2025-09-05T12:23:07.853+0300')]
FIX-0434;[('In Progress', '2026-02-13T10:55:47.995+0200'), ('Ready for Testing', '2026-02-13T13:54:47.239+0200'), ('In Testing', '2026-02-16T15:06:46.253+0200'), ('In Progress', '2026-02-16T15:06:54.999+0200'), ('Ready for Testing', '2026-02-24T09:02:39.928+0200'), ('In Testing', '2026-03-02T13:23:42.217+0200'), ('Closed', '2026-03-02T13:35:26.396+0200')]
FIX-0435;[('In Progress', '2024-12-13T14:16:19.903+0200'), ('Ready for Testing', '2024-12-13T14:16:59.124+0200'), ('In Testing', '2025-09-05T12:31:14.005+0300'), ('Closed', '2025-09-05T12:31:21.861+0300')]
FIX-0436;[('In Progress', '2025-09-22T10:23:32.310+0300'), ('Ready for Testing', '2025-09-22T10:24:57.149+0300'), ('In Testing', '2025-10-20T10:53:09.860+0300'), ('Closed', '2025-10-20T10:54:07.644+0300')]
FIX-0437;None
FIX-0438;None
FIX-0439;None
FIX-0440;None
FIX-0441;[('In Progress', '2025-06-03T09:40:08.026+0300'), ('Ready for Testing', '2025-06-04T13:13:28.131+0300'), ('In Testing', '2025-06-08T09:51:28.198+0300'), ('In Progress', '2025-06-08T09:51:32.901+0300'), ('Ready for Testing', '2025-06-09T13:12:02.943+0300'), ('In Testing', '2025-06-11T11:17:46.752+0300'), ('In Progress', '2025-06-11T11:17:50.969+0300'), ('Ready for Testing', '2025-06-12T06:55:10.981+0300'), ('In Testing', '2025-06-16T09:40:28.863+0300'), ('Closed', '2025-06-16T09:40:36.964+0300')]
FIX-0442;[('In Progress', '2025-09-23T13:53:50.791+0300'), ('Ready for Testing', '2025-09-23T13:53:58.092+0300'), ('In Testing', '2026-02-25T09:23:24.486+0200'), ('Closed', '2026-02-25T09:43:40.368+0200')]
FIX-0443;[('In Progress', '2025-06-05T09:27:50.223+0300'), ('Ready for Testing', '2025-06-05T10:25:10.631+0300'), ('In Testing', '2025-07-01T09:13:28.309+0300'), ('Closed', '2025-07-01T09:13:31.781+0300')]
FIX-0444;[('In Progress', '2025-05-22T12:54:16.536+0300'), ('Ready for Testing', '2025-05-22T12:56:25.554+0300'), ('In Testing', '2025-05-23T11:01:45.151+0300'), ('Closed', '2025-05-23T11:37:19.549+0300')]
FIX-0445;None
FIX-0446;[('In Progress', '2025-01-16T09:38:12.152+0200'), ('Ready for Testing', '2025-01-16T09:38:17.449+0200'), ('In Testing', '2025-01-24T13:04:56.090+0200'), ('Closed', '2025-01-24T13:48:22.066+0200')]
FIX-0447;[('In Progress', '2025-03-31T08:32:40.218+0300'), ('Ready for Testing', '2025-03-31T08:32:43.671+0300'), ('In Testing', '2025-10-02T09:28:59.249+0300'), ('Closed', '2025-10-02T09:29:01.836+0300')]
FIX-0448;None
FIX-0449;None
FIX-0450;[('In Progress', '2025-11-20T11:35:53.748+0200'), ('Ready for Testing', '2025-11-21T12:52:49.663+0200'), ('In Testing', '2025-11-22T12:17:24.395+0200'), ('Closed', '2025-11-22T12:17:27.942+0200')]
FIX-0451;[('In Progress', '2026-03-12T11:32:19.083+0200'), ('Ready for Testing', '2026-03-13T15:04:41.383+0200'), ('In Testing', '2026-03-13T15:44:50.868+0200'), ('In Progress', '2026-03-13T15:44:55.118+0200'), ('Ready for Testing', '2026-03-20T15:45:28.179+0200'), ('In Testing', '2026-03-26T10:57:48.933+0200'), ('Closed', '2026-03-26T10:57:52.132+0200')]
FIX-0452;None
FIX-0453;[('In Progress', '2025-10-10T11:59:10.112+0300'), ('Ready for Testing', '2025-10-10T12:04:45.907+0300'), ('In Testing', '2025-10-10T14:20:16.383+0300'), ('Closed', '2025-10-10T14:20:29.088+0300')]
FIX-0454;[('In Progress', '2025-09-05T10:42:12.619+0300'), ('Ready for Testing', '2025-09-05T10:42:15.685+0300'), ('In Testing', '2025-09-05T12:49:43.241+0300'), ('Closed', '2025-09-05T16:06:14.149+0300')]
FIX-0455;[('In Progress', '2025-08-15T11:23:44.180+0300'), ('Ready for Testing', '2025-08-27T09:50:29.761+0300'), ('In Testing', '2025-09-04T10:12:31.649+0300'), ('Closed', '2025-09-04T10:12:33.955+0300')]
FIX-0456;[('In Progress', '2024-12-03T17:33:59.536+0200'), ('Ready for Testing', '2024-12-04T08:35:38.693+0200'), ('In Testing', '2026-03-11T15:02:08.616+0200'), ('Closed', '2026-03-11T15:02:11.323+0200')]
FIX-0457;[('Closed', '2026-01-30T14:13:54.840+0200')]
FIX-0458;[('In Progress', '2026-01-07T17:20:49.583+0200'), ('Ready for Testing', '2026-01-07T17:21:06.817+0200'), ('In Testing', '2026-01-07T21:48:18.536+0200'), ('Closed', '2026-01-07T21:48:25.225+0200')]
FIX-0459;[('In Progress', '2025-11-07T09:44:41.166+0200'), ('Ready for Testing', '2025-11-07T09:45:14.641+0200'), ('In Testing', '2025-11-11T15:16:37.629+0200'), ('Closed', '2025-11-17T09:21:18.575+0200')]
FIX-0460;[('In Progress', '2026-03-22T07:19:50.347+0200'), ('Ready for Testing', '2026-03-23T13:40:38.999+0200'), ('In Testing', '2026-03-23T13:40:42.330+0200'), ('Closed', '2026-03-23T13:40:45.149+0200')]
FIX-0461;None
FIX-0462;[('In Progress', '2026-04-13T11:39:36.983+0300'), ('Ready for Testing', '2026-04-13T11:40:04.386+0300'), ('In Testing', '2026-04-14T16:55:39.316+0300'), ('Closed', '2026-04-14T16:55:45.077+0300')]
FIX-0463;None
FIX-0464;None
FIX-0465;[('Closed', '2026-01-30T14:13:30.804+0200')]
FIX-0466;[('In Progress', '2026-03-05T09:43:54.125+0200'), ('Ready for Testing', '2026-03-05T09:43:57.244+0200'), ('In Testing', '2026-04-10T14:35:55.025+0300'), ('Closed', '2026-04-10T14:35:57.350+0300'), ('In Testing', '2026-04-10T14:37:11.366+0300'), ('Closed', '2026-04-10T14:46:57.243+0300')]
FIX-0467;[('In Progress', '2025-12-29T13:41:45.709+0200'), ('Ready for Testing', '2025-12-29T13:42:53.826+0200'), ('In Testing', '2026-01-18T10:28:57.571+0200'), ('Closed', '2026-01-18T10:29:01.664+0200')]
FIX-0468;None
FIX-0469;[('In Progress', '2025-09-23T14:45:58.034+0300'), ('Ready for Testing', '2025-09-23T14:50:14.360+0300'), ('In Testing', '2025-09-24T14:01:38.018+0300'), ('Closed', '2025-09-24T14:01:52.571+0300')]
FIX-0470;None
FIX-0471;[('In Progress', '2024-12-16T11:33:07.100+0200'), ('Ready for Testing', '2024-12-17T15:02:05.326+0200'), ('In Testing', '2025-11-13T17:39:19.640+0200'), ('Closed', '2025-11-13T17:40:27.201+0200')]
FIX-0472;[('In Progress', '2025-11-12T08:34:03.523+0200'), ('Ready for Testing', '2025-11-12T08:34:07.550+0200'), ('In Testing', '2025-11-13T13:24:47.692+0200'), ('In Progress', '2025-11-13T13:24:50.494+0200'), ('Ready for Testing', '2025-11-20T10:03:34.974+0200'), ('In Testing', '2025-11-25T17:48:33.972+0200'), ('Closed', '2025-11-25T17:48:37.058+0200')]
FIX-0473;[('In Progress', '2025-11-03T12:57:20.120+0200'), ('Ready for Testing', '2025-11-07T14:19:52.496+0200'), ('In Testing', '2025-12-02T08:41:06.650+0200'), ('Closed', '2025-12-02T08:41:09.840+0200')]
FIX-0474;[('In Progress', '2025-09-24T12:51:42.282+0300'), ('Ready for Testing', '2025-09-24T12:52:01.796+0300'), ('In Testing', '2025-09-26T11:32:11.566+0300'), ('Closed', '2025-09-26T11:32:13.613+0300')]
FIX-0475;[('In Progress', '2026-03-20T09:03:36.024+0200'), ('Ready for Testing', '2026-03-20T09:05:11.521+0200'), ('In Testing', '2026-03-21T11:44:18.976+0200'), ('Closed', '2026-03-21T11:44:21.945+0200')]
FIX-0476;[('Closed', '2025-04-03T13:00:09.577+0300')]
FIX-0477;[('In Progress', '2025-10-16T15:22:07.114+0300'), ('Ready for Testing', '2025-10-16T15:22:11.543+0300'), ('In Testing', '2025-10-18T09:03:26.775+0300'), ('Closed', '2025-10-18T09:03:29.651+0300')]
FIX-0478;None
FIX-0479;None
FIX-0480;[('In Progress', '2025-09-24T12:46:59.039+0300'), ('Ready for Testing', '2025-09-24T12:47:21.578+0300'), ('In Testing', '2025-09-26T13:54:02.314+0300'), ('Closed', '2025-09-26T13:54:05.299+0300')]
FIX-0481;[('In Progress', '2025-11-24T08:22:39.281+0200'), ('Ready for Testing', '2025-11-25T08:58:03.402+0200'), ('In Testing', '2025-11-25T11:17:55.647+0200'), ('Closed', '2025-11-25T11:17:59.048+0200')]
FIX-0482;[('In Progress', '2025-10-29T07:57:44.184+0200'), ('Ready for Testing', '2025-10-29T13:14:36.636+0200'), ('In Testing', '2025-11-03T18:08:51.147+0200'), ('In Progress', '2025-11-03T18:08:56.336+0200'), ('Ready for Testing', '2025-11-14T14:24:38.362+0200'), ('In Testing', '2025-11-25T08:21:48.315+0200'), ('Closed', '2025-11-25T08:21:51.819+0200')]
FIX-0483;[('In Progress', '2025-02-14T13:49:52.905+0200'), ('Ready for Testing', '2025-02-14T13:49:56.858+0200'), ('In Testing', '2025-09-08T15:00:42.302+0300'), ('Closed', '2025-09-08T15:00:45.585+0300')]
FIX-0484;None
FIX-0485;[('In Progress', '2025-11-06T10:43:16.461+0200'), ('Ready for Testing', '2025-11-06T10:44:46.840+0200'), ('In Testing', '2025-11-11T15:16:52.188+0200'), ('Closed', '2025-11-17T09:21:15.596+0200')]
